[{"model": "auth.user", "pk": 1, "fields": {"password": "pbkdf2_sha256$180000$DA44Ep2fCp5E$Whg4J7X0s5Jqx7tbJVFYSX+/tHqDIkMORZZIwP5mnPY=", "last_login": "2020-07-05T06:00:13.573Z", "is_superuser": true, "username": "admin1", "first_name": "amed", "last_name": "time", "email": "admin@gmail.com", "is_staff": true, "is_active": true, "date_joined": "2020-06-26T08:26:43Z", "groups": [], "user_permissions": []}}, {"model": "auth.user", "pk": 2, "fields": {"password": "pbkdf2_sha256$180000$OgtxNOjptj8A$y5gCOfrWR8qPMkWtP6OELSx7dzEL6DXNF1HyA+w7xZ0=", "last_login": "2020-07-03T12:04:38.534Z", "is_superuser": true, "username": "e_shop", "first_name": "yanick", "last_name": "stephane", "email": "e_shop25@gmail.com", "is_staff": true, "is_active": true, "date_joined": "2020-06-27T04:51:29Z", "groups": [], "user_permissions": []}}, {"model": "auth.user", "pk": 11, "fields": {"password": "pbkdf2_sha256$180000$fukDoAQstnaW$iKjCyIedf/ayqfW6+UctNDCoDyX0Gew6sdxevXGztDc=", "last_login": null, "is_superuser": false, "username": "amadou", "first_name": "hamed", "last_name": "Moussa", "email": "amadou@gmail.com", "is_staff": false, "is_active": true, "date_joined": "2020-06-30T12:37:12Z", "groups": [], "user_permissions": []}}, {"model": "auth.user", "pk": 12, "fields": {"password": "pbkdf2_sha256$180000$XbQd3CEF3ckf$2nZBHvhNpejYqQgejz1GW4CuoL9iJKeOGxE7fXkiR5s=", "last_login": "2020-06-30T15:18:52.828Z", "is_superuser": false, "username": "isco", "first_name": "lasto", "last_name": "lim", "email": "skcdsefjghejf@gmail.com", "is_staff": false, "is_active": true, "date_joined": "2020-06-30T15:12:18.578Z", "groups": [], "user_permissions": []}}, {"model": "auth.user", "pk": 13, "fields": {"password": "pbkdf2_sha256$180000$9A3Q9OBOKZqP$l21RK2wGO9EPVcLQEKQPzRU94ZV9T97S7mi2uV8F3Fw=", "last_login": "2020-06-30T15:39:19.623Z", "is_superuser": false, "username": "david", "first_name": "amed", "last_name": "sila", "email": "ouattara.daouda4613@gmail.com", "is_staff": false, "is_active": true, "date_joined": "2020-06-30T15:39:18.332Z", "groups": [], "user_permissions": []}}, {"model": "auth.user", "pk": 14, "fields": {"password": "pbkdf2_sha256$180000$ALQke8v2ZSVc$LKYN6OKjLPNDyKP0PawyqZ3V1t7azDPDnZUC+DCvzeM=", "last_login": "2020-06-30T15:42:53.443Z", "is_superuser": false, "username": "dza", "first_name": "amed", "last_name": "sila", "email": "ouattara.daouda4613@gmail.com", "is_staff": false, "is_active": true, "date_joined": "2020-06-30T15:42:52.369Z", "groups": [], "user_permissions": []}}, {"model": "auth.user", "pk": 15, "fields": {"password": "pbkdf2_sha256$180000$HdRSOUtD7znJ$/hJ9vS2wDxV52e/vzbRD7OC3ckzPQnNEibEpVwkDyGE=", "last_login": "2020-06-30T15:52:39.722Z", "is_superuser": false, "username": "ouattaradd", "first_name": "amedd", "last_name": "sila", "email": "ouattara.daouda4613@gmail.com", "is_staff": false, "is_active": true, "date_joined": "2020-06-30T15:52:38.532Z", "groups": [], "user_permissions": []}}, {"model": "auth.user", "pk": 16, "fields": {"password": "pbkdf2_sha256$180000$LVfjnK3f7lea$nAteSes36Ts+mXOUUr/BSP42eXD+4iFpZ1bPSKCxbo4=", "last_login": "2020-07-02T09:33:01.450Z", "is_superuser": false, "username": "silvato", "first_name": "ouattara", "last_name": "daouda", "email": "ouattara.daouda4613@gmail.com", "is_staff": false, "is_active": true, "date_joined": "2020-07-02T09:33:00.218Z", "groups": [], "user_permissions": []}}, {"model": "auth.user", "pk": 17, "fields": {"password": "pbkdf2_sha256$180000$T0P5kDTp79AH$X9nyB0j6b2yjW7xsTvpjYMBl5lxuJ2HxrpWqhcvat2s=", "last_login": "2020-07-02T09:44:18.667Z", "is_superuser": false, "username": "aky", "first_name": "yeo", "last_name": "adama", "email": "yacouba.keita@uvci.edu.ci", "is_staff": false, "is_active": true, "date_joined": "2020-07-02T09:44:17.359Z", "groups": [], "user_permissions": []}}, {"model": "auth.user", "pk": 18, "fields": {"password": "pbkdf2_sha256$180000$tP6LLAvM2BcH$y7NN4Deeuq3dIe7k9k2DujHJLf6Fgk3mNb9AJu+8MNY=", "last_login": "2020-07-02T21:01:22.742Z", "is_superuser": false, "username": "Yackson", "first_name": "yacou", "last_name": "keita", "email": "yacouba.keita@uvci.edu.ci", "is_staff": false, "is_active": true, "date_joined": "2020-07-02T20:21:06.240Z", "groups": [], "user_permissions": []}}, {"model": "auth.user", "pk": 19, "fields": {"password": "pbkdf2_sha256$180000$OrxIJ1Z5z03I$CNX0/0909XZUDBfBRp/gruRuuO0nmZ6CQ5/KJ0PkdGs=", "last_login": "2020-07-03T12:01:33.728Z", "is_superuser": false, "username": "colman", "first_name": "login", "last_name": "out", "email": "colman@gmail.com", "is_staff": false, "is_active": true, "date_joined": "2020-07-03T12:01:32.440Z", "groups": [], "user_permissions": []}}, {"model": "auth.user", "pk": 20, "fields": {"password": "pbkdf2_sha256$180000$QFHT1hKPRX7L$Z8KBilaTTjdQjocikv/QqETy36vQSNGzpCgpS7EjhJs=", "last_login": "2020-07-03T15:49:24.303Z", "is_superuser": false, "username": "kouakou", "first_name": "kouadio", "last_name": "koua", "email": "kouakou@gmail.com", "is_staff": false, "is_active": true, "date_joined": "2020-07-03T15:49:22.996Z", "groups": [], "user_permissions": []}}, {"model": "auth.user", "pk": 21, "fields": {"password": "pbkdf2_sha256$180000$fl3ilCzmPuHJ$kvOZZYKPsbXFMlo8K58ad6Zn5oYnl7pIINFlIXF7NGI=", "last_login": "2020-07-04T21:13:44.442Z", "is_superuser": false, "username": "issouf", "first_name": "ouatt", "last_name": "issouf", "email": "issouf@gmail.com", "is_staff": false, "is_active": true, "date_joined": "2020-07-04T21:13:43.050Z", "groups": [], "user_permissions": []}}, {"model": "auth.user", "pk": 22, "fields": {"password": "pbkdf2_sha256$180000$kjYPaEeBLKJ1$BVN7VBgxWNsqhiDYwGOVOL1F24lJqkpqz29LU4kszCA=", "last_login": "2020-07-05T05:52:54.320Z", "is_superuser": false, "username": "mai", "first_name": "disabate", "last_name": "maimouna", "email": "mai@gmail.com", "is_staff": false, "is_active": true, "date_joined": "2020-07-05T05:52:53.225Z", "groups": [], "user_permissions": []}}, {"model": "sessions.session", "pk": "7lur3peeikx9fzh34rumkkfmew4binhc", "fields": {"session_data": "NzRmYjA4Njc2MDFlMzRmYmJlZjVkOGE2NDU4OTgwNTllZDc1YWNmNTp7fQ==", "expire_date": "2020-07-14T15:15:52.414Z"}}, {"model": "sessions.session", "pk": "8aob0eb04m6s18wpf7mwyok122zxygdr", "fields": {"session_data": "NzRmYjA4Njc2MDFlMzRmYmJlZjVkOGE2NDU4OTgwNTllZDc1YWNmNTp7fQ==", "expire_date": "2020-07-12T23:28:55.909Z"}}, {"model": "sessions.session", "pk": "9aygxaaf6fr35dnqnnf7hsvpmyp3m7sb", "fields": {"session_data": "YjQzY2ZkMDM3MTM2YWMxOTZiMGEzODJhODJhYzhmZTFlZWIwOGU4ODp7Il9hdXRoX3VzZXJfaWQiOiIxOCIsIl9hdXRoX3VzZXJfYmFja2VuZCI6ImRqYW5nby5jb250cmliLmF1dGguYmFja2VuZHMuTW9kZWxCYWNrZW5kIiwiX2F1dGhfdXNlcl9oYXNoIjoiNjAzZDNhNjBkNjJiMTc1MWUzOTUzNmNhMTQ3ZWY2MDhiMTM2MmU0ZCIsInVzZXJpbWFnZSI6Ii9tZWRpYS9pbWFnZXMvdXNlcnMvSU1HXzIwMTkxMDA1XzE3NTMxN180XzE1NzAzNDg1MzIzNDYuanBnIn0=", "expire_date": "2020-07-16T20:26:59.540Z"}}, {"model": "sessions.session", "pk": "9vvkx05b8bx1cti5d4cgljp8uquabh86", "fields": {"session_data": "NzRmYjA4Njc2MDFlMzRmYmJlZjVkOGE2NDU4OTgwNTllZDc1YWNmNTp7fQ==", "expire_date": "2020-07-12T22:29:42.380Z"}}, {"model": "sessions.session", "pk": "fjdsxx5w2vldj1jy76t646m9k8m8zyku", "fields": {"session_data": "NzRmYjA4Njc2MDFlMzRmYmJlZjVkOGE2NDU4OTgwNTllZDc1YWNmNTp7fQ==", "expire_date": "2020-07-12T23:33:25.015Z"}}, {"model": "sessions.session", "pk": "mfsvxeu2l0t1zrbp8z1iuhk27weztmd1", "fields": {"session_data": "NzRmYjA4Njc2MDFlMzRmYmJlZjVkOGE2NDU4OTgwNTllZDc1YWNmNTp7fQ==", "expire_date": "2020-07-14T12:27:06.541Z"}}, {"model": "sessions.session", "pk": "rbvhqivs424opud5y9v6j7mxvvixfpbk", "fields": {"session_data": "NzRmYjA4Njc2MDFlMzRmYmJlZjVkOGE2NDU4OTgwNTllZDc1YWNmNTp7fQ==", "expire_date": "2020-07-14T12:29:33.138Z"}}, {"model": "sessions.session", "pk": "sjh1x1vg5sg6fxpfje6ms79i49pmsjmz", "fields": {"session_data": "NzRmYjA4Njc2MDFlMzRmYmJlZjVkOGE2NDU4OTgwNTllZDc1YWNmNTp7fQ==", "expire_date": "2020-07-12T23:49:10.508Z"}}, {"model": "sessions.session", "pk": "tkvcmxklpk3jq31lyd0s0n8jcq03h4e5", "fields": {"session_data": "NGZjNjA0MWVhM2M4MmZjMWY3N2FmNWE4YzVkNzNjY2E5ZDA2NDRjOTp7Il9hdXRoX3VzZXJfaWQiOiIxIiwiX2F1dGhfdXNlcl9iYWNrZW5kIjoiZGphbmdvLmNvbnRyaWIuYXV0aC5iYWNrZW5kcy5Nb2RlbEJhY2tlbmQiLCJfYXV0aF91c2VyX2hhc2giOiIxNDMwNGI3NjY4NGFlOWU0YzQ4ZTNlNzliZjI0NmEzZjFhNGUyM2QyIn0=", "expire_date": "2020-07-19T06:00:13.756Z"}}, {"model": "sessions.session", "pk": "wap1g56hamdqrivtsemwfg089paqkqd0", "fields": {"session_data": "NzRmYjA4Njc2MDFlMzRmYmJlZjVkOGE2NDU4OTgwNTllZDc1YWNmNTp7fQ==", "expire_date": "2020-07-14T12:29:03.184Z"}}, {"model": "home.setting", "pk": 1, "fields": {"titre": "E-commerce|Accueil", "keywords": "get our low", "description": "computer, television,phone", "company": "BestBaby Shopping company", "address": "western avenus 220", "phone": "02145654", "fax": "545644454444", "email": "info@bestbabyshop.com", "smtpserver": "bestbabyshop.co", "smtpemail": "info@bestbabyshop.co", "smtppassword": "12544876", "smtpport": "582", "icon": "images/Diamond-Gem-Clip-Art-Free-PNG.png", "facebook": "bestbabyshop", "instagram": "bestbabyshop", "twitter": "bestbabyshop", "youtube": "bestbabyshop", "aboutus": "<p>about us&nbsp;</p>", "contactus": "<p>contact us</p>", "references": "<p>reference us</p>", "status": "True", "date_add": "2020-06-26T10:53:19.071Z", "date_upd": "2020-07-03T16:17:20.151Z"}}, {"model": "home.contactmessage", "pk": 1, "fields": {"name": "daouda", "email": "ouattara.daouda4613@gmail.com", "subject": "message", "message": "c'est bien", "status": "True", "ip": "127.0.0.1", "note": "", "date_add": "2020-06-26T16:13:46.507Z", "date_upd": "2020-07-02T20:44:28.671Z"}}, {"model": "home.contactmessage", "pk": 2, "fields": {"name": "sila", "email": "ouattara.daouda4613@gmail.com", "subject": "job", "message": "Je suis \u00e0 la recherche d'un boulot donc je voudrais vous solliciter en cas de besoin je suis tjrs disponible", "status": "True", "ip": "127.0.0.1", "note": "", "date_add": "2020-07-02T20:59:23.285Z", "date_upd": "2020-07-02T20:59:23.286Z"}}, {"model": "home.faq", "pk": 1, "fields": {"ordernumber": 15, "question": "Quelle est la diff\u00e9rence entre les versions 32 bits et 64 bits de Windows?", "answer": "<p>Les termes 32 bits et 64 bits font r&eacute;f&eacute;rence &agrave; la fa&ccedil;on dont le processeur d&#39;un ordinateur (&eacute;galement appel&eacute; CPU) g&egrave;re les informations. La version 64 bits de Windows g&egrave;re plus efficacement de grandes quantit&eacute;s de m&eacute;moire vive (RAM) qu&#39;un syst&egrave;me 32 bits. Tous les appareils ne peuvent pas ex&eacute;cuter les versions 64 bits de Windows.</p>\r\n\r\n<p>&nbsp;</p>\r\n\r\n<p>&nbsp;</p>", "status": "True", "date_add": "2020-07-02T14:21:00.340Z", "date_upd": "2020-07-02T14:56:56.858Z"}}, {"model": "home.faq", "pk": 2, "fields": {"ordernumber": 2, "question": "Pourquoi votre site indique-t-il plusieurs disponibilit\u00e9s ?", "answer": "La disponibilit\u00e9 des articles varie en fonction de la demande qu'ils suscitent, de leur proximit\u00e9 et de leur disponibilit\u00e9 pour Amazon.fr. Nous nous procurons \u00e9galement les articles aupr\u00e8s de divers distributeurs. La disponibilit\u00e9 des articles que nous nous procurons aupr\u00e8s de distributeurs varie selon que le distributeur ait ou non le livre en stock. Si la fiche indique que l'article est \u00e9puis\u00e9 ou indisponible, cela signifie qu'il n'est pas actuellement disponible sur Amazon.fr ou que nous ne pouvons pas nous le procurer par le biais de nos r\u00e9seaux de distribution. Vous pouvez cependant vendre des articles \u00e9puis\u00e9s par le biais de Marketplace.", "status": "True", "date_add": "2020-07-02T14:22:15.545Z", "date_upd": "2020-07-02T14:22:15.545Z"}}, {"model": "home.faq", "pk": 3, "fields": {"ordernumber": 8, "question": "Comment fonctionne le classement des ventes ?", "answer": "Notre classement des ventes est une liste des meilleures ventes, comparable \u00e0 la liste de produits hebdo, sauf qu'au lieu d'indiquer les 50 titres qui se vendent le mieux, notre liste comprend des millions d'articles ! Plus le chiffre est bas, plus le livre a du succ\u00e8s par rapport aux autres articles indiqu\u00e9s. Les articles sont uniquement class\u00e9s dans leur cat\u00e9gorie. C'est pourquoi un livre, un CD ou DVD occupant la premi\u00e8re place de sa cat\u00e9gorie ne signifie pas n\u00e9cessairement que c'est l'article qui se vend le mieux sur Amazon.fr.\r\n\r\nLes donn\u00e9es de classement des ventes sont calcul\u00e9es toutes les heures. Les ventes Marketplace sont incluses dans le calcul. N'oubliez pas que les chiffres des classements de ventes sont donn\u00e9s \u00e0 titre indicatif pour les clients. Il ne s'agit pas des listes officielles de ventes destin\u00e9es aux \u00e9diteurs. Nous supposons que vos r\u00e9seaux de distribution sont en mesure de vous fournir ces renseignements", "status": "True", "date_add": "2020-07-02T14:24:14.819Z", "date_upd": "2020-07-02T14:24:14.819Z"}}, {"model": "home.faq", "pk": 4, "fields": {"ordernumber": 1, "question": "O\u00f9 puis-je t\u00e9l\u00e9charger le fichier?", "answer": "<p>&nbsp;</p>\r\n\r\n<p>&nbsp;</p>\r\n\r\n<p><a class=\"mscom-link mscom-accordion-item-link\" href=\"https://www.microsoft.com/en-us/software-download/faq?f79cf12b-ce9e-45ba-89d7-5c88668dfc7a=True\" style=\"padding:12px 0px; border:0px; font-style:normal; font-variant-ligatures:normal; font-variant-caps:normal; font-variant-numeric:inherit; font-variant-east-asian:inherit; font-weight:700; font-stretch:inherit; font-size:16px; line-height:inherit; font-family:wf_segoe-ui_normal, &quot;Segoe UI&quot;, Segoe, &quot;Segoe WP&quot;, Tahoma, Verdana, Arial, sans-serif; vertical-align:baseline; color:#002050; text-decoration:none; transition:color 0.1s linear 0s; cursor:pointer; position:relative; display:block; background-color:#e6e6e6; letter-spacing:normal; orphans:2; text-align:left; text-indent:0px; text-transform:none; white-space:normal; widows:2; word-spacing:0px; -webkit-text-stroke-width:0px\"><span style=\"background-color:#ffffff; color:#000000\">Nous vous recommandons de t&eacute;l&eacute;charger le fichier sur votre bureau, afin qu&#39;il soit facile &agrave; trouver pour lancer l&#39;installation.&nbsp;Vous pouvez t&eacute;l&eacute;charger le fichier o&ugrave; vous le souhaitez, assurez-vous simplement de vous souvenir de l&#39;emplacement o&ugrave; vous l&#39;avez enregistr&eacute; et du nom du fichier.&nbsp;Ne renommez pas le fichier que vous t&eacute;l&eacute;chargez;&nbsp;cela peut entra&icirc;ner des probl&egrave;mes d&#39;installation.</span></a></p>", "status": "False", "date_add": "2020-07-03T19:41:07.697Z", "date_upd": "2020-07-03T19:44:14.517Z"}}, {"model": "home.faq", "pk": 5, "fields": {"ordernumber": 10, "question": "O\u00f9 puis-je trouver la cl\u00e9 de produit de office", "answer": "<p style=\"text-align:left\"><span style=\"font-size:16px\"><span style=\"font-family:wf_segoe-ui_normal,&quot;Segoe UI&quot;,Segoe,&quot;Segoe WP&quot;,Tahoma,Verdana,Arial,sans-serif\"><span style=\"color:#000000\">Votre cl&eacute; de produit comprend 25 caract&egrave;res et se trouve &agrave; diff&eacute;rents emplacements selon la fa&ccedil;on dont vous avez acquis votre produit Office.</span></span></span></p>\r\n\r\n<ul>\r\n\t<li>Si vous avez achet&eacute; Office sur un disque traditionnel, la cl&eacute; de produit doit &ecirc;tre situ&eacute;e &agrave; l&#39;int&eacute;rieur de l&#39;emballage sur une &eacute;tiquette sur la carte en face du porte-disque sur le c&ocirc;t&eacute; gauche du bo&icirc;tier du DVD.</li>\r\n\t<li>Si vous avez achet&eacute; une carte de cl&eacute; de produit Office, la cl&eacute; de produit doit &ecirc;tre situ&eacute;e &agrave; l&#39;int&eacute;rieur de l&#39;emballage sur une &eacute;tiquette sur le c&ocirc;t&eacute; gauche du bo&icirc;tier.</li>\r\n\t<li>Si la cl&eacute; de produit ne se trouve pas &agrave; l&#39;int&eacute;rieur de l&#39;emballage, veuillez consulter les instructions dans l&#39;emballage.</li>\r\n\t<li>Si vous avez achet&eacute; et t&eacute;l&eacute;charg&eacute; Office en ligne, la cl&eacute; de produit doit se trouver sur la page de confirmation et / ou l&#39;e-mail qui vous a &eacute;t&eacute; envoy&eacute; lorsque vous avez t&eacute;l&eacute;charg&eacute; le logiciel.</li>\r\n\t<li>Si vous avez achet&eacute; un nouvel ordinateur avec Office pr&eacute;charg&eacute;, le fabricant de votre ordinateur doit avoir inclus un support ou une carte d&#39;identification de produit Microsoft dans la bo&icirc;te contenant la cl&eacute; de produit.&nbsp;La cl&eacute; de produit se trouve sur le certificat d&#39;authenticit&eacute;.</li>\r\n\t<li>Si vous avez besoin d&#39;aide suppl&eacute;mentaire pour localiser votre cl&eacute; de produit, reportez-vous &agrave; ces ressources</li>\r\n</ul>", "status": "True", "date_add": "2020-07-03T19:43:33.179Z", "date_upd": "2020-07-03T19:43:33.179Z"}}, {"model": "home.faq", "pk": 6, "fields": {"ordernumber": 2, "question": "Comment savoir si mon ordinateur peut ex\u00e9cuter une version 64 bits de Windows ?", "answer": "<p>Si vous disposez d&rsquo;un syst&egrave;me d&rsquo;exploitation Windows install&eacute;, ouvrez l&rsquo;Explorateur de fichiers ou Ce&nbsp;PC.</p>\r\n\r\n<ol>\r\n\t<li>Dans le volet de navigation, cliquez avec le bouton droit sur Ce&nbsp;PC ou Ordinateur, puis s&eacute;lectionnez Propri&eacute;t&eacute;s.</li>\r\n\t<li>Dans l&rsquo;&eacute;cran Informations syst&egrave;me, recherchez l&rsquo;entr&eacute;e Type de syst&egrave;me. Elle vous indiquera le type de processeur qui &eacute;quipe votre appareil.</li>\r\n</ol>\r\n\r\n<p>Si aucun syst&egrave;me d&rsquo;exploitation n&rsquo;est install&eacute;, vous devez vous reporter &agrave; la documentation fournie avec l&rsquo;appareil. La plupart des fabricants d&rsquo;appareils et de processeurs proposent &eacute;galement des informations sur les capacit&eacute;s des processeurs sur leur site web.</p>\r\n\r\n<p>Pour conna&icirc;tre d&rsquo;autres options et obtenir plus d&rsquo;informations sur Windows&nbsp;7, consultez la page&nbsp;<a href=\"https://windows.microsoft.com/fr-fr/windows/32-bit-and-64-bit-windows#1TC=windows-7\" target=\"_blank\">FAQ&nbsp;sur les versions&nbsp;32&nbsp;bits et&nbsp;64&nbsp;bits de Windows&nbsp;7</a>&nbsp;ou t&eacute;l&eacute;chargez et ex&eacute;cutez gratuitement le&nbsp;<a href=\"https://www.microsoft.com/fr-fr/download/details.aspx?id=20\" target=\"_blank\">Conseiller de mise &agrave; niveau vers Windows&nbsp;7</a>.</p>", "status": "True", "date_add": "2020-07-03T19:46:29.491Z", "date_upd": "2020-07-03T19:46:29.491Z"}}, {"model": "product.category", "pk": 8, "fields": {"parent": null, "titre": "Telephone", "keywords": "Telephone", "description": "Telephone", "photo": "images/samsung_galaxi_GI6NMMg.jpg", "status": "True", "slug": "telephone-tic", "date_add": "2020-06-26T16:54:21.677Z", "date_upd": "2020-06-26T16:54:21.677Z", "lft": 1, "rght": 8, "tree_id": 3, "level": 0}}, {"model": "product.category", "pk": 9, "fields": {"parent": 8, "titre": "Itel", "keywords": "Itel", "description": "Itel", "photo": "images/a10_oqbsJx8.jpg", "status": "True", "slug": "itel-Itel", "date_add": "2020-06-26T16:55:14.567Z", "date_upd": "2020-06-26T16:55:14.567Z", "lft": 4, "rght": 5, "tree_id": 3, "level": 1}}, {"model": "product.category", "pk": 10, "fields": {"parent": 8, "titre": "samsumg", "keywords": "samsumg", "description": "samsumg", "photo": "images/j7.jpg", "status": "True", "slug": "samsumg-sam", "date_add": "2020-06-26T16:56:04.074Z", "date_upd": "2020-06-26T16:56:04.074Z", "lft": 6, "rght": 7, "tree_id": 3, "level": 1}}, {"model": "product.category", "pk": 11, "fields": {"parent": null, "titre": "Computers", "keywords": "Computers", "description": "Computers", "photo": "images/2.jpg", "status": "True", "slug": "computers", "date_add": "2020-06-26T16:56:48.171Z", "date_upd": "2020-06-26T16:56:48.171Z", "lft": 1, "rght": 16, "tree_id": 1, "level": 0}}, {"model": "product.category", "pk": 14, "fields": {"parent": null, "titre": "Shoses-clothes-Bags", "keywords": "Shoses-clothes-Bags", "description": "Shoses-clothes-Bags", "photo": "images/banner01.jpg", "status": "True", "slug": "shoses-clothes-bags", "date_add": "2020-06-26T17:43:23.529Z", "date_upd": "2020-06-26T17:43:23.529Z", "lft": 1, "rght": 8, "tree_id": 2, "level": 0}}, {"model": "product.category", "pk": 15, "fields": {"parent": 14, "titre": "Shose all", "keywords": "shoses", "description": "shoses", "photo": "images/banner11.jpg", "status": "True", "slug": "shose-all", "date_add": "2020-06-26T17:44:34.102Z", "date_upd": "2020-06-26T17:44:34.102Z", "lft": 4, "rght": 5, "tree_id": 2, "level": 1}}, {"model": "product.category", "pk": 16, "fields": {"parent": 14, "titre": "Bags all", "keywords": "Bags", "description": "Bags", "photo": "images/banner10.jpg", "status": "True", "slug": "bags-all", "date_add": "2020-06-26T17:45:15.155Z", "date_upd": "2020-06-26T17:45:15.155Z", "lft": 2, "rght": 3, "tree_id": 2, "level": 1}}, {"model": "product.category", "pk": 17, "fields": {"parent": 14, "titre": "clothes all", "keywords": "clothes", "description": "clothes", "photo": "images/banner04.jpg", "status": "True", "slug": "clothes-all", "date_add": "2020-06-26T17:46:09.333Z", "date_upd": "2020-06-26T17:46:09.333Z", "lft": 6, "rght": 7, "tree_id": 2, "level": 1}}, {"model": "product.category", "pk": 18, "fields": {"parent": 11, "titre": "apple", "keywords": "apple", "description": "apple", "photo": "images/mb1.jpg", "status": "True", "slug": "apple-book", "date_add": "2020-07-05T02:59:55.684Z", "date_upd": "2020-07-05T02:59:55.684Z", "lft": 8, "rght": 9, "tree_id": 1, "level": 1}}, {"model": "product.category", "pk": 19, "fields": {"parent": 11, "titre": "asus", "keywords": "asus", "description": "asus", "photo": "images/asus1.jpg", "status": "True", "slug": "asus-marque", "date_add": "2020-07-05T03:01:58.101Z", "date_upd": "2020-07-05T03:01:58.101Z", "lft": 10, "rght": 11, "tree_id": 1, "level": 1}}, {"model": "product.category", "pk": 20, "fields": {"parent": 11, "titre": "MSI", "keywords": "MSI", "description": "MSI", "photo": "images/msi1.jpg", "status": "True", "slug": "msi-pc", "date_add": "2020-07-05T03:04:24.640Z", "date_upd": "2020-07-05T03:04:24.640Z", "lft": 4, "rght": 5, "tree_id": 1, "level": 1}}, {"model": "product.category", "pk": 21, "fields": {"parent": 11, "titre": "acer", "keywords": "acer", "description": "acer", "photo": "images/acer1.jpg", "status": "True", "slug": "acer-categorie", "date_add": "2020-07-05T03:06:12.958Z", "date_upd": "2020-07-05T03:06:12.958Z", "lft": 6, "rght": 7, "tree_id": 1, "level": 1}}, {"model": "product.category", "pk": 22, "fields": {"parent": 11, "titre": "HP (Hewlett-Packard)", "keywords": "HP (Hewlett-Packard)", "description": "HP (Hewlett-Packard)", "photo": "images/hp2.jpg", "status": "True", "slug": "hp-hewlett-packard", "date_add": "2020-07-05T03:08:26.482Z", "date_upd": "2020-07-05T03:08:26.482Z", "lft": 2, "rght": 3, "tree_id": 1, "level": 1}}, {"model": "product.category", "pk": 23, "fields": {"parent": 11, "titre": "lonovo", "keywords": "lonovo", "description": "lonovo", "photo": "images/l1.jpg", "status": "True", "slug": "lonovo-categorie", "date_add": "2020-07-05T03:10:25.924Z", "date_upd": "2020-07-05T03:10:25.924Z", "lft": 14, "rght": 15, "tree_id": 1, "level": 1}}, {"model": "product.category", "pk": 24, "fields": {"parent": 11, "titre": "dell", "keywords": "dell", "description": "dell", "photo": "images/d1.jpg", "status": "True", "slug": "dell-categorie", "date_add": "2020-07-05T03:12:50.266Z", "date_upd": "2020-07-05T03:12:50.266Z", "lft": 12, "rght": 13, "tree_id": 1, "level": 1}}, {"model": "product.category", "pk": 25, "fields": {"parent": 8, "titre": "Iphone", "keywords": "Iphone", "description": "Iphone", "photo": "images/iphone1.jpg", "status": "True", "slug": "iphone-categorie", "date_add": "2020-07-06T00:02:27.668Z", "date_upd": "2020-07-06T00:02:27.668Z", "lft": 2, "rght": 3, "tree_id": 3, "level": 1}}, {"model": "product.produit", "pk": 9, "fields": {"categorie": 9, "titre": "Itel phone", "keywords": "Itel phone", "description": "Itel phone", "photo": "product/images/j7.jpg", "price": 800.0, "amount": -17, "reduction": 950.0, "pourcentage": 15, "details": "<p>top</p>", "status": "True", "slug": "itel-phone", "date_add": "2020-06-26T17:03:44.515Z", "date_upd": "2020-07-03T12:03:11.863Z"}}, {"model": "product.produit", "pk": 10, "fields": {"categorie": 10, "titre": "galaxi s5", "keywords": "galaxi s5", "description": "galaxi s5", "photo": "product/images/samsung_galaxi.jpg", "price": 750.0, "amount": -9, "reduction": 900.0, "pourcentage": 25, "details": "<p>rr</p>", "status": "True", "slug": "galaxi-s5", "date_add": "2020-06-26T17:04:39.187Z", "date_upd": "2020-06-29T16:31:03.261Z"}}, {"model": "product.produit", "pk": 11, "fields": {"categorie": 16, "titre": "bags child", "keywords": "Bags", "description": "bags", "photo": "product/images/product06.jpg", "price": 25.0, "amount": -1, "reduction": 40.0, "pourcentage": 5, "details": "<p>cool</p>", "status": "True", "slug": "bags-child", "date_add": "2020-06-26T17:48:23.080Z", "date_upd": "2020-06-30T12:34:17.655Z"}}, {"model": "product.produit", "pk": 12, "fields": {"categorie": 15, "titre": "shoses child", "keywords": "shoses child", "description": "shoses child", "photo": "product/images/banner09.jpg", "price": 26.0, "amount": -6, "reduction": 30.0, "pourcentage": 10, "details": "<p>ccc</p>", "status": "True", "slug": "shoses-child", "date_add": "2020-06-26T17:49:22.453Z", "date_upd": "2020-07-05T05:40:05.698Z"}}, {"model": "product.produit", "pk": 13, "fields": {"categorie": 17, "titre": "clothes open", "keywords": "clothes open", "description": "clothes open", "photo": "product/images/banner14.jpg", "price": 80000.0, "amount": 30000, "reduction": 85000.0, "pourcentage": 2, "details": "<p>kiokio</p>", "status": "True", "slug": "clothes-open", "date_add": "2020-06-26T17:50:26.372Z", "date_upd": "2020-07-02T16:53:56.836Z"}}, {"model": "product.produit", "pk": 14, "fields": {"categorie": 15, "titre": "shoses blue", "keywords": "shoses blue", "description": "shoses blue", "photo": "product/images/product04.jpg", "price": 60000.0, "amount": 6, "reduction": 25.0, "pourcentage": 3, "details": "<p>goog</p>", "status": "True", "slug": "shoses-blue", "date_add": "2020-06-26T17:52:37.963Z", "date_upd": "2020-07-02T16:52:15.016Z"}}, {"model": "product.produit", "pk": 16, "fields": {"categorie": 22, "titre": "Omen by HP 17-inch Gaming Laptop", "keywords": "Gaming Laptop", "description": "Omen by HP 17-inch Gaming Laptop, Intel Core i7-9750H", "photo": "product/images/hp1.jpg", "price": 299.2, "amount": 500, "reduction": 300.0, "pourcentage": 10, "details": "<h1>Omen by HP 17-inch Gaming Laptop, Intel Core i7-9750H, NVIDIA GeForce RTX 2080, 16GB RAM, 1TB Hard Drive, 256GB Solid-State Drive, Windows 10 (17-cb0050nr, Black)</h1>", "status": "True", "slug": "omen-hp-17-inch-gaming-laptop", "date_add": "2020-07-05T03:20:04.188Z", "date_upd": "2020-07-05T03:20:04.188Z"}}, {"model": "product.produit", "pk": 17, "fields": {"categorie": 22, "titre": "EliteBook 820", "keywords": "EliteBook", "description": "HP EliteBook 820 G2 - PC Portable - 12.5'' - (Core i5-5200U / 2.20 GHz, 8Go de RAM, Disque SSD 128Go", "photo": "product/images/hp.jpg", "price": 200.0, "amount": 502, "reduction": 220.0, "pourcentage": 8, "details": "<p><strong>Le produit fonctionne comme un nouvel appareil et a l&rsquo;air neuf. Il est couvert par la garantie d&rsquo;un an Amazon Renewed.</strong></p>\r\n\r\n<p>Ce produit d&rsquo;occasion a &eacute;t&eacute; inspect&eacute; et test&eacute; par des fournisseurs Amazon qualifi&eacute;s. Le produit peut pr&eacute;senter quelques rayures ou bosses, et sa batterie doit disposer d&rsquo;une capacit&eacute; d&rsquo;au moins 80 %. L&rsquo;emballage peut &ecirc;tre passe-partout et les accessoires peuvent ne pas &ecirc;tre d&rsquo;origine, mais ils seront compatibles et enti&egrave;rement op&eacute;rationnels. Ce produit est &eacute;ligible au remplacement ou au remboursement dans un d&eacute;lai d&rsquo;un an &agrave; compter de la r&eacute;ception si vous n&rsquo;&ecirc;tes pas satisfait.&nbsp;</p>", "status": "True", "slug": "elitebook-820", "date_add": "2020-07-05T03:23:45.972Z", "date_upd": "2020-07-05T04:23:40.489Z"}}, {"model": "product.produit", "pk": 18, "fields": {"categorie": 22, "titre": "HP Chromebook x360 12b-ca0005nf PC Ultraportable Convertible et Tactile 12", "keywords": "Ultraportable", "description": "HP Chromebook x360 12b-ca0005nf PC Ultraportable Convertible et Tactile 12'' HD IPS Blanc (Intel Cel", "photo": "product/images/hp3.jpg", "price": 290.0, "amount": 300, "reduction": 20.0, "pourcentage": 3, "details": "<ul>\r\n\t<li>PC Portable Convertible &agrave; 360 Degr&eacute;s: Travaillez en position ordinateur portable, regardez des vid&eacute;os en position chevalet ou en position tente et d&eacute;placez-vous en position tablette.</li>\r\n\t<li>&Eacute;cran tactile HD IPS 12 pouces &agrave; micro-bords (1366 x 912). Passez au stade sup&eacute;rieur du divertissement avec un &eacute;cran haute r&eacute;solution. B&eacute;n&eacute;ficiez d&#39;une exp&eacute;rience audio incroyablement puissante, gr&acirc;ce aux deux haut-parleurs HP et &agrave; une optimisation sonore sign&eacute;e par Bang &amp; Olufsen.</li>\r\n\t<li>B&eacute;n&eacute;ficiez de Google One pendant un, avec 100 Go d&#39;espace de stockage cloud, l&#39;assistance des experts Google, et des avantages uniques, le tout dans un seul forfait &agrave; partager. Profitez de Google Play Store pour t&eacute;l&eacute;charger les millions d&#39;applications Android que vous connaissez et appr&eacute;ciez directement sur votre PC Portable.</li>\r\n\t<li>Processeur Intel Celeron N4000: La combinaison parfaite entre performance et consommation d&#39;&eacute;nergie aide votre appareil &agrave; fonctionner avec fiabilit&eacute; et fluidit&eacute;.</li>\r\n\t<li>4 Go de RAM DDR4 + Stockage Disque dur eMMC: 32 Go.</li>\r\n\t<li>Syst&egrave;me d&#39;exploitation Chrome OS: Ce syst&egrave;me d&#39;exploitation facile &agrave; utiliser a &eacute;t&eacute; con&ccedil;u pour &ecirc;tre rapide de toutes les fa&ccedil;ons possibles, tout en vous assurant une s&eacute;curit&eacute; plus fiable sur Internet + Clavier AZERTY.</li>\r\n</ul>", "status": "True", "slug": "hp-chromebook-x360-12b-ca0005nf-pc-ultraportable-c", "date_add": "2020-07-05T03:27:06.617Z", "date_upd": "2020-07-05T06:00:46.485Z"}}, {"model": "product.produit", "pk": 19, "fields": {"categorie": 22, "titre": "Ordinateur de Bureau HP Elite 8300 SFF", "keywords": "Ordinateur", "description": "Ordinateur de Bureau HP Elite 8300 SFF - Core i5-3470 @ 3,2 GHz - 4Go RAM - 500Go HDD - Graveur DVD", "photo": "product/images/hp4.jpg", "price": 180.0, "amount": 200, "reduction": 190.0, "pourcentage": 10, "details": "<h2><a href=\"https://www.amazon.fr/Ordinateur-Bureau-HP-Elite-8300/dp/B07XV716FX/ref=sr_1_15?__mk_fr_FR=%C3%85M%C3%85%C5%BD%C3%95%C3%91&amp;dchild=1&amp;keywords=computer+hp&amp;qid=1593918885&amp;sr=8-15\">Ordinateur de Bureau HP Elite 8300 SFF - Core i5-3470 @ 3,2 GHz - 4Go RAM - 500Go HDD - Graveur DVD - Win10 Home (Reconditionn&eacute;)</a></h2>\r\n\r\n<p><a href=\"javascript:void(0)\"><em>4,5 sur 5&nbsp;&eacute;toiles</em></a>&nbsp;<a href=\"https://www.amazon.fr/Ordinateur-Bureau-HP-Elite-8300/dp/B07XV716FX/ref=sr_1_15?__mk_fr_FR=%C3%85M%C3%85%C5%BD%C3%95%C3%91&amp;dchild=1&amp;keywords=computer+hp&amp;qid=1593918885&amp;sr=8-15#customerReviews\">2</a></p>\r\n\r\n<p><a href=\"https://www.amazon.fr/Ordinateur-Bureau-HP-Elite-8300/dp/B07XV716FX/ref=sr_1_15?__mk_fr_FR=%C3%85M%C3%85%C5%BD%C3%95%C3%91&amp;dchild=1&amp;keywords=computer+hp&amp;qid=1593918885&amp;sr=8-15\">180,00&nbsp;&euro;180,00&euro;&nbsp;</a></p>", "status": "True", "slug": "ordinateur-de-bureau-hp-elite-8300-sff", "date_add": "2020-07-05T03:31:43.643Z", "date_upd": "2020-07-05T03:31:43.643Z"}}, {"model": "product.produit", "pk": 20, "fields": {"categorie": 22, "titre": "compatible avec HP", "keywords": "compatible", "description": "szhyon OEM compatible avec l'adaptateur secteur HP 19.5V 10.3A 200W compatible avec HP OMEN by HP La", "photo": "product/images/hp5.jpg", "price": 74.0, "amount": 36, "reduction": 75.0, "pourcentage": 2, "details": "<ul>\r\n\t<li>Adaptateur original pour ordinateur portable. Nous ne montrons pas le logo de la marque sur l&#39;image que nous fournissons, mais une fois que nous vous livrons les marchandises, il sera exactement le m&ecirc;me que l&#39;original).</li>\r\n\t<li>Tension d&#39;entr&eacute;e : 100-240 V CA, tension de sortie : 19,5 V, courant de sortie : 10,3 A, puissance de sortie totale : 200 W, dimensions des broches CC : 4,5 x 3 mm.</li>\r\n\t<li>Caract&eacute;ristiques de s&eacute;curit&eacute; : protection contre les surintensit&eacute;s ; protection totale contre les surtensions ; protection contre les courts-circuits, test &agrave; 100 % avant livraison, norme UL, CE, FCC, RoHS.</li>\r\n\t<li>Original OEM HP Adaptateur 19,5 V 10,3 A 200 W AC pour ordinateur portable HP OMEN by HP 15-CE010TX</li>\r\n\t<li>Ce que vous obtenez : 1 bloc d&#39;alimentation d&#39;origine.</li>\r\n</ul>", "status": "True", "slug": "compatible-avec-hp", "date_add": "2020-07-05T03:35:47.781Z", "date_upd": "2020-07-05T03:35:47.781Z"}}, {"model": "product.produit", "pk": 21, "fields": {"categorie": 20, "titre": "msi PC Portable Gamer Intel Core", "keywords": "Portable", "description": "PC Portable Gamer - MSI GF63 Thin 9RCX-605XFR - 15,6' FHD - Core i5-9300H - RAM 8Go - Stockage 1To H", "photo": "product/images/msi1.jpg", "price": 280.0, "amount": 300, "reduction": 290.0, "pourcentage": 8, "details": "<p>PC Portable Gamer - MSI GF63 Thin 9RCX-605XFR - 15,6&#39; FHD - Core i5-9300H - RAM 8Go - Stockage 1To H</p>", "status": "True", "slug": "msi-pc-portable-gamer-intel-core", "date_add": "2020-07-05T03:40:16.388Z", "date_upd": "2020-07-05T03:40:16.388Z"}}, {"model": "product.produit", "pk": 22, "fields": {"categorie": 20, "titre": "Ordinateur", "keywords": "Ordinateur", "description": "Acer Nitro 5 AN515-54-55QU Ordinateur portable gaming 15.6\" FHD (Core i5, 8 Go de RAM, 256 Go SSD, N", "photo": "product/images/msi2.jpg", "price": 120.0, "amount": 199, "reduction": 150.0, "pourcentage": 20, "details": "<ul>\r\n\t<li>Ecran: 15,6&quot; LCD - Technologie IPS (Bordures dalle ultra fine : 6,3mm) - R&eacute;solution FHD IPS (1920 x 1080)</li>\r\n\t<li>Processeur : Intel Core i5-9300H (4 C&oelig;urs)</li>\r\n\t<li>Fr&eacute;quence 2,4 GHz / Turbo 4,1 GHz / Cache 8 Mo</li>\r\n\t<li>M&eacute;moire et Stockage: RAM 8Go DDR4, SSD 256Go</li>\r\n\t<li>Carte graphique : NVIDIA GeForce GTX 1050 3Go DDR5</li>\r\n\t<li>Connectivit&eacute;s : 1 x RJ-45, Bluetooth 5.0, 1x USB 2.0, 2 x USB 3.1 Gen 1 (dont 1 fonction charge m&ecirc;me ordinateur &eacute;teint), 1 x USB Type-C : USB 3.1 Gen 1, 1 jack combo Audio/micro compatible casque smartphone</li>\r\n\t<li>Autonomie jusqu&#39;&agrave; 8 heures</li>\r\n\t<li>Poids : 2,3 kg</li>\r\n</ul>", "status": "True", "slug": "ordinateur", "date_add": "2020-07-05T03:49:35.555Z", "date_upd": "2020-07-05T05:40:06.018Z"}}, {"model": "product.produit", "pk": 23, "fields": {"categorie": 21, "titre": "Acer Chromebook CB314-1H-C5F4", "keywords": "Ordinateur", "description": "Acer Chromebook CB314-1H-C5F4 Ordinateur portable 14\" HD Gris (Intel Celeron, 8 Go de RAM, 64 Go eMM", "photo": "product/images/acer1.jpg", "price": 250.0, "amount": 147, "reduction": 300.0, "pourcentage": 50, "details": "<ul>\r\n\t<li>Syst&egrave;me d&#39;exploitation: Chrome OS (non &eacute;quip&eacute; de Windows) - Chrome OS est un syst&egrave;me d&rsquo;exploitation optimis&eacute; pour l&rsquo;apprentissage et le travail, notamment gr&acirc;ce &agrave; son temps de d&eacute;marrage de 8 secondes, mais aussi gr&acirc;ce &agrave; son interface intuitive et sa batterie longue dur&eacute;e. heures qui vous permet d&#39;utiliser votre Chromebook de fa&ccedil;on continu sans avoir besoin d&#39;emporter votre chargeur partout avec vous.</li>\r\n\t<li>Ecran: 14 pouces - HD (1366 x 768 pixels)</li>\r\n\t<li>Processeur: Intel Celeron N4000 (2 C&oelig;urs)</li>\r\n\t<li>Stockage et m&eacute;moire: 8 Go RAM, 64 Go eMMC</li>\r\n\t<li>Carte graphique : Intel UHD Graphics 600</li>\r\n\t<li>Autonomie jusqu&#39;&agrave; 12,5 heures d&#39;autonomie</li>\r\n\t<li>Poids : 1,5 kg</li>\r\n</ul>", "status": "True", "slug": "acer-chromebook-cb314-1h-c5f4", "date_add": "2020-07-05T03:52:04.775Z", "date_upd": "2020-07-05T05:40:06.302Z"}}, {"model": "product.produit", "pk": 24, "fields": {"categorie": 21, "titre": "Acer Aspire", "keywords": "Acer Aspire", "description": "Green Cell\u00ae Clavier d'odinateur Portable Acer Aspire 5736Z AZERTY FR 8,45\u20ac", "photo": "product/images/ac.jpg", "price": 84.0, "amount": 100, "reduction": 100.0, "pourcentage": 20, "details": "<ul>\r\n\t<li>Compatibilit&eacute; totale &ndash; le clavier s&rsquo;adapte parfaitement &agrave; votre ordinateur portable et il est pr&ecirc;t &agrave; &ecirc;tre install&eacute; d&egrave;s sa sortie de l&rsquo;emballage.</li>\r\n\t<li>Confort d&rsquo;utilisation &ndash; les mat&eacute;riaux de haute qualit&eacute; utilis&eacute;s dans le processus de production assurrent une pouss&eacute; et un estampage ad&eacute;quats des touches afin que l&rsquo;&eacute;criture soit plus confortable.</li>\r\n\t<li>Garantie de qualit&eacute; - la fabrication soign&eacute;e du clavier permet une utilisation longue et fiable des touches.</li>\r\n\t<li>100 % compatible avec la ordinateur portable: Acer Aspire 5736Z</li>\r\n\t<li>Layout: FR AZERTY | Couleur: Noir | R&eacute;tro&eacute;clairage: Non | Garantie: 12 mois</li>\r\n</ul>", "status": "True", "slug": "acer-aspire", "date_add": "2020-07-05T04:23:16.299Z", "date_upd": "2020-07-05T05:50:13.039Z"}}, {"model": "product.produit", "pk": 25, "fields": {"categorie": 18, "titre": "iPad Pro", "keywords": "iPad Pro", "description": "Apple Magic Keyboard (pour 11-inch iPad Pro - 2e g\u00e9n\u00e9ration) - Fran\u00e7ais 339,00\u20ac", "photo": "product/images/ap1.jpg", "price": 339.0, "amount": 552, "reduction": 400.0, "pourcentage": 25, "details": "<p>Exp&eacute;di&eacute; et vendu par Amazon.</p>\r\n\r\n<ul>\r\n\t<li>V&eacute;ritable combin&eacute; de technologies de pointe, le Smart Keyboard ne ressemble &agrave; aucun autre clavier.</li>\r\n\t<li>Con&ccedil;u pour les gestes Multi-Touch et le curseur d&rsquo;iPadOS.</li>\r\n\t<li>Inclinaison ajustable d&rsquo;un geste pour vous offrir un angle de vision optimal.</li>\r\n\t<li>Port USB-C permettant de recharger l&rsquo;iPad&nbsp;Pro et de lib&eacute;rer le port de votre appareil pour d&rsquo;autres accessoires.</li>\r\n\t<li>Se replie pour prot&eacute;ger l&rsquo;avant et l&rsquo;arri&egrave;re de votre iPad&nbsp;Pro lors de vos d&eacute;placements.</li>\r\n</ul>", "status": "True", "slug": "ipad-pro", "date_add": "2020-07-05T04:26:12.416Z", "date_upd": "2020-07-05T04:26:12.416Z"}}, {"model": "product.produit", "pk": 26, "fields": {"categorie": 18, "titre": "Ordinateur Portable Apple", "keywords": "Ordinateur Portable Apple", "description": "Apple MacBook Pro A1278 (EMC 2554) 13'' i5 2.5GHz - Grade B - Ordinateur Portable Apple", "photo": "product/images/m1.jpg", "price": 260.0, "amount": 255, "reduction": 266.0, "pourcentage": 3, "details": "<p>Actuellement indisponible.<br />\r\nNous ne savons pas quand cet article sera de nouveau approvisionn&eacute; ni s&#39;il le sera</p>", "status": "True", "slug": "ordinateur-portable-apple", "date_add": "2020-07-05T04:29:53.950Z", "date_upd": "2020-07-05T04:29:53.950Z"}}, {"model": "product.produit", "pk": 27, "fields": {"categorie": 18, "titre": "MacBook Pro", "keywords": "MacBook Pro", "description": "Batianda Coque pour MacBook Pro 13 Pouces 2020, Rigide \u00c9tui avec Housse de Clavier Protecteur d'\u00e9cra", "photo": "product/images/m2.jpg", "price": 650.0, "amount": 2499, "reduction": 700.0, "pourcentage": 10, "details": "<ul>\r\n\t<li>Cette coque est parfaite pour le 2020 MacBook Pro 13&quot; avec Touch Bar Mod&egrave;les : A2289 &amp; A2251.</li>\r\n\t<li>La coque vous permet d&#39;ouvrir et de fermer votre MacBook tout le chemin et d&#39;acc&eacute;der &agrave; tous les ports, sans d&eacute;couper.</li>\r\n\t<li>\u3010MAT&Eacute;RIAU EXT&Eacute;RIEUR EN PLASTIQUE\u3011 - &Eacute;tui en plastique dur avec finition Soft Touch sur les couvercles sup&eacute;rieur et inf&eacute;rieur pour Silky - Doux au toucher, lisse - Texture ext&eacute;rieure lisse mais adh&eacute;rente - Prot&egrave;ge votre MacBook Air des &eacute;gratignures et des rayures</li>\r\n\t<li>Installation Installation et retrait faciles - &Eacute;tui Macbook Pro - Notre &eacute;tui de protection est dot&eacute; de micro-clips qui se fixent solidement &agrave; votre MacBook et se d&eacute;tachent facilement lorsque vous en avez besoin.</li>\r\n\t<li>\u3010SATISFACTION GARANTIE\u3011 - Batianda offre une satisfaction garantie &agrave; 100% ou un remboursement. Si jamais vous n&#39;&ecirc;tes pas satisfait des performances de la coque Batianda MacBook Air, contactez-nous, nous vous rembourserons</li>\r\n</ul>", "status": "True", "slug": "macbook-pro", "date_add": "2020-07-05T04:34:52.594Z", "date_upd": "2020-07-05T05:40:07.247Z"}}, {"model": "product.produit", "pk": 28, "fields": {"categorie": 19, "titre": "Moniteur de Jeu", "keywords": "Moniteur de Jeu", "description": "ASUS VG245HE Moniteur de Jeu Full HD 1080p Double HDMI avec synchronisation adaptative et synchronis", "photo": "product/images/asus1.jpg", "price": 300.0, "amount": 200, "reduction": 310.0, "pourcentage": 10, "details": "<ul>\r\n\t<li>Temps de r&eacute;ponse de 1 ms avec la technologie d&#39;entr&eacute;e ASUS GameFast et deux ports HDMI pour une exp&eacute;rience de jeu fluide sur la console.</li>\r\n\t<li>Technologie ASUS Eye Care avec filtre &agrave; lumi&egrave;re bleue pour minimiser la fatigue oculaire</li>\r\n\t<li>Les haut-parleurs st&eacute;r&eacute;o 2 W offrent un jeu attrayant et &eacute;liminent le besoin de haut-parleurs externes. Fonctions GameVisual et GamePlus exclusives pour am&eacute;liorer les performances et le contr&ocirc;le des couleurs.</li>\r\n\t<li>Conformit&eacute; et normes : Energy Star, BSMI, CB, CCC, CE, niveau CEL, CU, ErP, FCC, ISO-9241-307, J-MOSS, KCC, PSE, \u203fSEPRO, UL/cUL, WEEE, WHQL (Windows 10, Windows 8.1, Windows 7), MEPS, RCM, TUV Scintillement libre, eStandby, TUV Low Blue Light</li>\r\n\t<li>Technologie FreeSync/Adaptive Sync avec taux de rafra&icirc;chissement de 75 Hz pour une exp&eacute;rience sans d&eacute;chirure avec les GPU AMD Radeon</li>\r\n</ul>", "status": "True", "slug": "moniteur-de-jeu", "date_add": "2020-07-05T04:38:16.540Z", "date_upd": "2020-07-05T04:38:16.540Z"}}, {"model": "product.produit", "pk": 29, "fields": {"categorie": 19, "titre": "Memory PC Intel", "keywords": "Memory PC Intel", "description": "Memory PC Intel i9-9900K 8X 3.6 GHz, ASUS, 32 GB DDR4, 960 GB SSD + 4000 HDD, Intel UHD Graphics 630", "photo": "product/images/asus.jpg", "price": 89.0, "amount": 52, "reduction": 100.0, "pourcentage": 1, "details": "<ul>\r\n\t<li>La qualit&eacute; de Memory PC s&eacute;duit par son ing&eacute;nieux choix de produits qui convainc encore et encore et remporte de nombreux tests de qualit&eacute;. L&#39;interaction des composants est constamment v&eacute;rifi&eacute;e et document&eacute;e dans notre atelier sp&eacute;cialis&eacute;. La satisfaction de nos clients est notre maxime et notre exigence que nous nous fixons sans cesse.</li>\r\n\t<li>Memory PC Intel i9-9900K Coffee Lake 8x 3.6 GHz, ASUS, 32 Go DDR4, 960 Go SSD + 4000 HDD, Intel UHD Graphics 630, Windows 10 Pro 64bit</li>\r\n\t<li>Le PC &agrave; Memory avec une puissance totale &agrave; huit noyaux vous offre toutes les vitesses dont vous avez besoin au bureau ou &agrave; la maison. Les toutes derni&egrave;res connexions telles que USB3.0 et Gigabit LAN ne laissent rien &agrave; d&eacute;sirer. Il s&#39;agit d&#39;un polyvalent complet avec toutes les comp&eacute;tences dont vous avez besoin. Allez-y, mettez-le au d&eacute;fi.</li>\r\n\t<li>Avec ce produit, vous avez la possibilit&eacute; d&#39;ajuster la configuration. Vous pouvez utiliser le champ de s&eacute;lection sur la page de d&eacute;marrage du produit pour s&eacute;lectionner le processeur, la Memory et la variation SSD/HDD appropri&eacute;s. Chaque syst&egrave;me est construit et test&eacute; individuellement pour vous.</li>\r\n\t<li>Nous vous offrons une garantie d&#39;enl&egrave;vement et de retour de 24 mois. En cas de d&eacute;faut, nous allons chercher l&#39;appareil chez vous gratuitement et nous vous le retournons gratuitement. Cela signifie qu&#39;un &eacute;ventuel service de garantie est totalement exempt de stress et de co&ucirc;ts pour vous en tant que client de Memory PC.</li>\r\n</ul>", "status": "True", "slug": "memory-pc-intel", "date_add": "2020-07-05T04:40:04.133Z", "date_upd": "2020-07-05T04:40:51.561Z"}}, {"model": "product.produit", "pk": 30, "fields": {"categorie": 24, "titre": "Ecran de PC", "keywords": "Ecran de PC", "description": "Dell P2419H Ecran de PC 24\" Full HD LCD, IPS, 60 Hz, 8 ms, Noir", "photo": "product/images/d1.jpg", "price": 54.0, "amount": 49, "reduction": 60.0, "pourcentage": 2, "details": "<ul>\r\n\t<li>Ecran PC 24 pouces (61 cm) 1920 x 1080 pixels IPS Full HD LCD</li>\r\n\t<li>Format d&#39;image : 16:9, Taux de d&#39;actualisation maximal 60 Hz, Temps de r&eacute;ponse 8 ms</li>\r\n\t<li>Optimisez votre espace de travail avec cet &eacute;cran 23,8&quot; efficace arborant une conception aux bordures ultrafines, un format compact et des fonctionnalit&eacute;s d&eacute;di&eacute;es au confort.</li>\r\n\t<li>Connectivit&eacute; : Concentrateur USB int&eacute;gr&eacute;, HDMI, DisplayPort, USB amont Type-B, 4 ports avals USB de type A, port VGA</li>\r\n\t<li>GARANTIE 3 ANS Constructeur</li>\r\n</ul>", "status": "True", "slug": "ecran-de-pc", "date_add": "2020-07-05T04:43:00.444Z", "date_upd": "2020-07-05T05:40:06.616Z"}}, {"model": "product.produit", "pk": 31, "fields": {"categorie": 24, "titre": "Dell PC", "keywords": "Dell PC", "description": "Dell PC 3010 MT i7-2600 RAM 8Go Disque Dur 1To HDMI Windows 10 WiFi (Reconditionn\u00e9) 5,0 sur 5 \u00e9toile", "photo": "product/images/d2.jpg", "price": 150.0, "amount": 23, "reduction": 200.0, "pourcentage": 30, "details": "<p><strong>Le produit a toutes les fonctionnalit&eacute;s et l&#39;aspect d&#39;un produit neuf. Il est couvert par la garantie d&rsquo;un an d&#39;Amazon Renewed.</strong></p>\r\n\r\n<p>Ce produit d&rsquo;occasion a &eacute;t&eacute; inspect&eacute; et test&eacute; par des fournisseurs Amazon qualifi&eacute;s. Le produit peut pr&eacute;senter quelques rayures ou bosses, et sa batterie doit disposer d&rsquo;une capacit&eacute; d&rsquo;au moins 80 %. L&rsquo;emballage peut &ecirc;tre g&eacute;n&eacute;rique et les accessoires peuvent ne pas &ecirc;tre d&rsquo;origine, mais ils seront compatibles et enti&egrave;rement op&eacute;rationnels. Ce produit est &eacute;ligible au remplacement ou au remboursement dans un d&eacute;lai d&rsquo;un an &agrave; compter de la r&eacute;ception si vous n&rsquo;&ecirc;tes pas satisfait.&nbsp;<a href=\"https://www.amazon.fr/Dell-i7-2600-Disque-Windows-Reconditionn%C3%A9/dp/B07QGBKVBF/ref=sr_1_3?__mk_fr_FR=%C3%85M%C3%85%C5%BD%C3%95%C3%91&amp;dchild=1&amp;keywords=dell+computer&amp;qid=1593924195&amp;s=computers&amp;sr=1-3#renewedProgramDescriptionBtf\">En savoir plus</a></p>\r\n\r\n<ul>\r\n\t<li>Ce produit est reconditionn&eacute; certifi&eacute; grade A et contient les accessoires d&rsquo;origine ou compatibles</li>\r\n\t<li>PC Dell OptiPlex 3010 MT - Intel Core i7-2600 3.4 Ghz (8 Mo) - 8 Go DDR3 - Disque Dur 3,5&quot; 1 To - Graveur DVD - Clef Wifi USB - Windows 10 - Garantie 1 an</li>\r\n</ul>", "status": "True", "slug": "dell-pc", "date_add": "2020-07-05T04:44:34.412Z", "date_upd": "2020-07-05T05:40:06.928Z"}}, {"model": "product.produit", "pk": 32, "fields": {"categorie": 10, "titre": "Samsung Galaxy A10", "keywords": "Samsung Galaxy A10", "description": "Samsung Galaxy A10 Dual SIM 32GB 2GB RAM SM-A105F/DS Noir SIM Free", "photo": "product/images/s4.jpg", "price": 188.0, "amount": 200, "reduction": 200.0, "pourcentage": 8, "details": "<p>Samsung Galaxy A10 A105 2Go/32Go Noir Double SIM</p>\r\n\r\n<p>Samsung se lance dans le bas de gamme et nous surprend avec ce Galaxy A10, un smartphone simple mais puissant &agrave; parts &eacute;gales. Il est &eacute;quip&eacute; d&#39;un &eacute;cran Infinity 6&#39;2&quot;, d&#39;une batterie de 3400 mAh et d&#39;un processeur Octa-Core Exynos.</p>\r\n\r\n<p>&nbsp;</p>\r\n\r\n<p>&Eacute;cran Infinity dans le bas de gamme</p>\r\n\r\n<p>Concernant l&#39;&eacute;cran, le Sasung Galaxy A10 est &eacute;quip&eacute; d&#39;un &eacute;cran Infinity HD+ de 6&#39;2 pouces avec une r&eacute;solution de 1520 x 720 pixels, atteignant un rapport d&#39;&eacute;cran de 81,6% . Profitez au maximum de vos s&eacute;ries et films pr&eacute;f&eacute;r&eacute;s gr&acirc;ce &agrave; l&#39;exp&eacute;rience incroyable offerte par votre &eacute;cran.</p>\r\n\r\n<p>Dans la partie centrale sup&eacute;rieure se trouve une encoche sous forme goutte d&#39;eau dans laquelle se trouve la cam&eacute;ra frontale.</p>\r\n\r\n<p>&nbsp;</p>\r\n\r\n<p>Design simple mais &eacute;l&eacute;gant</p>\r\n\r\n<p>Le Samsung Galaxy A10 est construit en plastique brillant pour attirer les yeux de tout le monde. Son &eacute;paisseur n&#39;est que de 8,1 mm, ce qui permet &agrave; ce terminal de s&#39;adapter parfaitement &agrave; votre main. De plus, vous avez le choix entre 3 couleurs: noir, bleu ou rouge, pour vous permettre de choisir celle qui va le mieux avec votre style.</p>\r\n\r\n<p>&nbsp;</p>\r\n\r\n<p>Une cam&eacute;ra pour tout immortaliser</p>\r\n\r\n<p>Dans la section photos, nous trouvons une grande cam&eacute;ra arri&egrave;re angulae unique de 13 MP avec ouverture focale f / 1.9, avec LED, panoramique et flash HDR. Dans le m&ecirc;me temps, sur le devant, int&eacute;gr&eacute; dans le type cran obtenu une eau, nous ne trouvons pas un appareil photo frontal de 5 MP avec ouverture focale f / 2.0, avec flash LED, pour donner plus de lumi&egrave;re &agrave; votre selfies.</p>\r\n\r\n<p>&nbsp;</p>\r\n\r\n<p>Batterie pour toute la journ&eacute;e</p>\r\n\r\n<p>La section de la batterie est celle qui se d&eacute;marque, &agrave; savoir que Samsung a int&eacute;gr&eacute; une batterie de 3400 mAh, ce qui n&#39;est pas &eacute;trange, dans le Galaxy A10. Utilisez votre smartphone normalement et atteignez la fin de la journ&eacute;e sans aucun probl&egrave;me.</p>", "status": "True", "slug": "samsung-galaxy-a10", "date_add": "2020-07-05T23:46:48.778Z", "date_upd": "2020-07-06T00:20:18.139Z"}}, {"model": "product.produit", "pk": 33, "fields": {"categorie": 10, "titre": "SAMSUNG Galaxy A20e", "keywords": "SAMSUNG Galaxy A20e", "description": "SAMSUNG Galaxy A20e Schwarz SAMSUNG Galaxy A20e Schwarz", "photo": "product/images/s1.jpg", "price": 150.0, "amount": 200, "reduction": 200.0, "pourcentage": 30, "details": "<p>1 W/kg Le DAS (d&eacute;bit d&#39;absorption sp&eacute;cifique) des t&eacute;l&eacute;phones mobiles quantifie le niveau d&#39;exposition maximal de l&#39;utilisateur aux ondes &eacute;lectromagn&eacute;tiques, pour une utilisation &agrave; l&#39;oreille. La r&eacute;glementation fran&ccedil;aise impose que le DAS ne d&eacute;passe pas 2 W/kg.</p>\r\n\r\n<p>&nbsp;</p>\r\n\r\n<h4>Taille d&#39;&eacute;cran (diagonale)</h4>\r\n\r\n<p>&nbsp;</p>\r\n\r\n<p>6&quot; / 15 cm</p>\r\n\r\n<p>&nbsp;</p>", "status": "True", "slug": "samsung-galaxy-a20e", "date_add": "2020-07-05T23:50:46.846Z", "date_upd": "2020-07-05T23:50:46.846Z"}}, {"model": "product.produit", "pk": 34, "fields": {"categorie": 10, "titre": "Samsung S7", "keywords": "Samsung S7", "description": "Samsung S7 Or 32GB Smartphone D\u00e9bloqu\u00e9 (Reconditionn\u00e9) Samsung S7 Or 32GB Smartphone D\u00e9bloqu\u00e9 (Recon", "photo": "product/images/s.jpg", "price": 200.0, "amount": 200, "reduction": 250.0, "pourcentage": 50, "details": "<form action=\"https://www.amazon.fr/gp/product/handle-buy-box/ref=dp_start-bbf_1_glance\" id=\"twister\" method=\"post\">\r\n<p>Couleur:&nbsp;Or</p>\r\n</form>\r\n\r\n<p><strong>Le produit a toutes les fonctionnalit&eacute;s et l&#39;aspect d&#39;un produit neuf. Il est couvert par la garantie d&rsquo;un an d&#39;Amazon Renewed.</strong></p>\r\n\r\n<p>Ce produit d&rsquo;occasion a &eacute;t&eacute; inspect&eacute; et test&eacute; par des fournisseurs Amazon qualifi&eacute;s. Le produit peut pr&eacute;senter quelques rayures ou bosses, et sa batterie doit disposer d&rsquo;une capacit&eacute; d&rsquo;au moins 80 %. L&rsquo;emballage peut &ecirc;tre g&eacute;n&eacute;rique et les accessoires peuvent ne pas &ecirc;tre d&rsquo;origine, mais ils seront compatibles et enti&egrave;rement op&eacute;rationnels. Ce produit est &eacute;ligible au remplacement ou au remboursement dans un d&eacute;lai d&rsquo;un an &agrave; compter de la r&eacute;ception si vous n&rsquo;&ecirc;tes pas satisfait.&nbsp;<a href=\"https://www.amazon.fr/dp/B01LYIFSG1/ref=sspa_dk_detail_0?spLa=ZW5jcnlwdGVkUXVhbGlmaWVyPUExUkxVOERYUEczU0M4JmVuY3J5cHRlZElkPUEwOTA0ODUxM0NEVFJUN0JQMjNQNiZlbmNyeXB0ZWRBZElkPUEwMzQzNjgyMVFTTFVYVlBETUI5RSZ3aWRnZXROYW1lPXNwX2RldGFpbDImYWN0aW9uPWNsaWNrUmVkaXJlY3QmZG9Ob3RMb2dDbGljaz10cnVl&amp;th=1#renewedProgramDescriptionBtf\">En savoir plus</a></p>\r\n\r\n<ul>\r\n\t<li>.</li>\r\n</ul>", "status": "True", "slug": "samsung-s7", "date_add": "2020-07-05T23:54:30.622Z", "date_upd": "2020-07-05T23:54:30.623Z"}}, {"model": "product.produit", "pk": 35, "fields": {"categorie": 9, "titre": "Ulefone Note 7", "keywords": "Ulefone Note 7", "description": "Ulefone Note 7 (2020) T\u00e9l\u00e9phone Portable D\u00e9bloqu\u00e9, Smartphone Pas Cher Triple Cam\u00e9ras 8M+2M+2M Ecran", "photo": "product/images/itel1.jpg", "price": 250.0, "amount": 200, "reduction": 300.0, "pourcentage": 50, "details": "<ul>\r\n\t<li>\u3010Android 9.0 Pie &amp; Face ID\u3011 Le syst&egrave;me avanc&eacute; Android 9.0 vous apporte une exp&eacute;rience d&#39;utilisation plus conviviale. Face ID vous aidera &agrave; prot&eacute;ger vos informations personnelles sur votre t&eacute;l&eacute;phone portable d&eacute;verrouill&eacute; et &agrave; reconna&icirc;tre votre visage facilement et pr&eacute;cis&eacute;ment pour d&eacute;verrouiller l&#39;appareil.</li>\r\n\t<li>\u30105MP Cam&eacute;ra avant &amp; 8MP + 2MP + 2MP arri&egrave;re Camera\u3011 L&#39;appareil photo avant de 5 Mpx avec ses multiples modes beaut&eacute; pr&eacute;serve votre sourire &eacute;go&iuml;ste. Les appareils photo arri&egrave;re de 8 Mpx + 2 Mpx + 2 Mpx avec autofocus rapide de 0,3s capturent des moments inoubliables et enregistrent de pr&eacute;cieux souvenirs.</li>\r\n\t<li>\u30106.1 inch Waterdrop Screen\u3011 L&#39;affichage plein &eacute;cran 19.2 : 9 vous donne un &eacute;cran plus grand avec des cadres plus fins, offrant une exp&eacute;rience visuelle plus large et plus vivante pour regarder des vid&eacute;os ou jouer &agrave; des jeux.</li>\r\n\t<li>\u3010Dual SIM Global 3G &amp; 1G + 16G\u3011 Vous pouvez utiliser 1 Micro SIM, 1 Nano SIM et 1 carte TF simultan&eacute;ment. Dot&eacute; d&#39;une m&eacute;moire vive de 1G et d&#39;une m&eacute;moire interne de 16G, il supporte une carte TF jusqu&#39;&agrave; 64G. Veuillez red&eacute;marrer le t&eacute;l&eacute;phone mobile apr&egrave;s avoir ins&eacute;r&eacute; la carte SIM.</li>\r\n\t<li>\u3010Case + Ergonomique Design\u3011 Un &eacute;tui comme cadeau pratique pour offrir &agrave; votre t&eacute;l&eacute;phone une protection &agrave; 360 degr&eacute;s. Si vous recherchez un t&eacute;l&eacute;phone de grande valeur, Ulefone Note 7 sera sans aucun doute votre meilleur choix. Le design ergonomique vous permet d&#39;obtenir un toucher arrondi et plus agr&eacute;able lorsque vous tenez le t&eacute;l&eacute;phone dans votre main. Sa conception l&eacute;g&egrave;re vous permet de l&#39;utiliser longtemps sans vous fatiguer.</li>\r\n</ul>", "status": "True", "slug": "ulefone-note-7", "date_add": "2020-07-05T23:57:24.557Z", "date_upd": "2020-07-06T00:17:24.934Z"}}, {"model": "product.produit", "pk": 36, "fields": {"categorie": 9, "titre": "Smartphone, DOOGEE", "keywords": "Smartphone, DOOGEE", "description": "Smartphone, DOOGEE X95 Android 10 Telephone Portable Debloqu\u00e9, Ecran 6.52 Waterdrop, Batterie 4350mA", "photo": "product/images/s3.jpg", "price": 140.0, "amount": 100, "reduction": 150.0, "pourcentage": 10, "details": "<ul>\r\n\t<li>&Eacute;cran Full Vision de 6.52 pouces + Conception de Goutte D&#39;eau\ud83d\udca7 Le t&eacute;l&eacute;phone portable DOOGEE X95 a ins&eacute;r&eacute; un plein &eacute;cran Incell 19,5: 9 de 6,52 pouces. L&#39;&eacute;cran &agrave; encoche en forme de goutte d&#39;eau offre une exp&eacute;rience visuelle r&eacute;volutionnaire plus large que tout autre &eacute;cran &agrave; encoche en U. Avec des couleurs vibrantes et une clart&eacute; &eacute;tonnante, le t&eacute;l&eacute;phone peut vous aider &agrave; obtenir une meilleure exp&eacute;rience de visionnement, que vous soyez un adolescent, un adulte ou une personne &acirc;g&eacute;e.</li>\r\n\t<li>\ud83d\udd0bGrande Batterie 4350mAh + Conception de Corps Ultra-Mince 3D\ud83d\udd0b En tant que t&eacute;l&eacute;phones Android gratuits 4G SIM les moins chers mais les plus efficaces, le smartphone pas cher DOOGEE X95 est &eacute;quip&eacute; d&#39;une grosse batterie de 4350mAh, ce qui peut &eacute;viter l&#39;embarras d&#39;une batterie faible lorsque vous sortez. En outre, le t&eacute;l&eacute;phone DOOGEE X95 est &eacute;galement livr&eacute; avec une conception de corps ultra-mince 3D, s&#39;adapte &agrave; la taille de la paume, ce qui le rend plus confortable &agrave; utiliser!</li>\r\n\t<li>\ud83d\udcf7Double cam&eacute;ra 13MP + 5MP\ud83d\udcf7 En tant que telephone portable debloqu&eacute; 4G, DOOGEE X95 smartphone a &eacute;quip&eacute; une double cam&eacute;ra arri&egrave;re 13MP + 2MP + 2MP, avec une cam&eacute;ra frontale haute r&eacute;solution 5MP de conception simple. Il peut capturer plus d&#39;images avec des couleurs plus riches en haute clart&eacute; et continuer &agrave; enregistrer votre vie merveilleuse. Des selfies parfaits, des appels vid&eacute;o de haute qualit&eacute; et des photos parfaites &agrave; tout moment et en tout lieu.</li>\r\n\t<li>\ud83d\ude80Android 10.0 + 4G veille double SIM\ud83d\ude80 DOOGEE X95 avec le dernier OS Android 10.0, il peut offrir une exp&eacute;rience utilisateur plus intelligente, plus efficace et plus pratique. Il prend en charge le d&eacute;verrouillage facial et la veille 4G Dual SIM, dispose &eacute;galement de 2 emplacements pour cartes ind&eacute;pendants.Le X95 est &eacute;galement &eacute;quip&eacute; d&#39;un processeur MTK Quad-core et de 2 Go de RAM 16 Go de stockage ROM.</li>\r\n\t<li>\ud83d\udc9dUn service de garantie de 2 ans\ud83d\udc9d Afin d&#39;offrir un meilleur service client, nous avons mis en place un centre de r&eacute;paration professionnel en Europe. Votre achat dans notre magasin b&eacute;n&eacute;ficiera d&#39;un service de garantie de 2 ans. en cas de probl&egrave;me avec le produit, vous pouvez contacter le service client 24h / 24 pour obtenir un service apr&egrave;s-vente professionnel.</li>\r\n</ul>", "status": "True", "slug": "smartphone-doogee", "date_add": "2020-07-05T23:59:48.884Z", "date_upd": "2020-07-05T23:59:48.884Z"}}, {"model": "product.produit", "pk": 37, "fields": {"categorie": 25, "titre": "Nouveau Apple iPhone SE (128 Go", "keywords": "Nouveau Apple iPhone SE (128 Go", "description": "Nouveau Apple iPhone SE (128 Go) - Blanc", "photo": "product/images/iphone1.jpg", "price": 280.0, "amount": 200, "reduction": 300.0, "pourcentage": 10, "details": "<ul>\r\n\t<li>&Eacute;cran Retina HD 4,7 pouces</li>\r\n\t<li>R&eacute;sistant &agrave; la poussi&egrave;re et &agrave; l&rsquo;eau (jusqu&rsquo;&agrave; 1 m&egrave;tre pendant 30 minutes maximum, IP67)</li>\r\n\t<li>Appareil photo grand-angle 12 Mpx avec mode Portrait, &Eacute;clairage de portrait, Contr&ocirc;le de la profondeur, Smart HDR de nouvelle g&eacute;n&eacute;ration et vid&eacute;o 4K</li>\r\n\t<li>Cam&eacute;ra avant 7 Mpx avec mode Portrait, &Eacute;clairage de portrait et Contr&ocirc;le de la profondeur</li>\r\n\t<li>Touch ID pour l&rsquo;authentification s&eacute;curis&eacute;e et Apple Pay</li>\r\n\t<li>Puce A13 Bionic avec Neural Engine de troisi&egrave;me g&eacute;n&eacute;ration</li>\r\n\t<li>Capacit&eacute; de recharge rapide</li>\r\n</ul>", "status": "True", "slug": "nouveau-apple-iphone-se-128-go", "date_add": "2020-07-06T00:10:31.014Z", "date_upd": "2020-07-06T00:10:31.014Z"}}, {"model": "product.produit", "pk": 38, "fields": {"categorie": 25, "titre": "Apple iPhone 11 64GB", "keywords": "Apple iPhone 11 64GB", "description": "Apple iPhone 11 64GB Noir (Reconditionn\u00e9) Apple iPhone 11 64GB Noir (Reconditionn\u00e9)", "photo": "product/images/iphone2.jpg", "price": 266.0, "amount": 270, "reduction": 270.0, "pourcentage": 3, "details": "<p><strong>Le produit fonctionne comme un nouvel appareil et a l&rsquo;air neuf. Il est couvert par la garantie d&rsquo;un an Amazon Renewed.</strong></p>\r\n\r\n<p>Ce produit d&rsquo;occasion n&rsquo;est pas certifi&eacute; par Apple mais il a &eacute;t&eacute; inspect&eacute; et test&eacute; par des fournisseurs Amazon qualifi&eacute;s. Le produit peut pr&eacute;senter quelques rayures ou bosses, et sa batterie doit disposer d&rsquo;une capacit&eacute; d&rsquo;au moins 80 %. L&rsquo;emballage peut &ecirc;tre passe-partout et les accessoires peuvent ne pas &ecirc;tre d&rsquo;origine, mais ils seront compatibles et enti&egrave;rement op&eacute;rationnels. Ce produit est &eacute;ligible au remplacement ou au remboursement dans un d&eacute;lai d&rsquo;un an &agrave; compter de la r&eacute;ception si vous n&rsquo;&ecirc;tes pas satisfait.&nbsp;<a href=\"https://www.amazon.fr/Apple-iPhone-11-Premium-Reconditionn%C3%A9/dp/B082P6M3HC/ref=sr_1_3?__mk_fr_FR=%C3%85M%C3%85%C5%BD%C3%95%C3%91&amp;dchild=1&amp;keywords=iphone&amp;qid=1593994237&amp;s=electronics&amp;sr=1-3#renewedProgramDescriptionBtf\">En savoir plus</a></p>\r\n\r\n<ul>\r\n\t<li>&Eacute;cran LCD Liquid Retina HD 6,1 pouces</li>\r\n\t<li>R&eacute;sistant &agrave; la poussi&egrave;re et &agrave; l&rsquo;eau (jusqu&rsquo;&agrave; 2 m&egrave;tres pendant 30 minutes maximum, IP68)</li>\r\n\t<li>Double appareil photo avec ultra grand-angle et grand-angle 12 Mpx, mode Nuit, mode Portrait et vid&eacute;o 4K jusqu&rsquo;&agrave; 60 i/s</li>\r\n\t<li>Cam&eacute;ra avant TrueDepth 12 Mpx avec mode Portrait, vid&eacute;o 4K et ralenti</li>\r\n\t<li>Face ID pour l&rsquo;authentification s&eacute;curis&eacute;e et Apple Pay</li>\r\n\t<li>Puce A13 Bionic avec Neural Engine de troisi&egrave;me g&eacute;n&eacute;ration</li>\r\n\t<li>Capacit&eacute; de recharge rapide</li>\r\n\t<li>Recharge sans fil</li>\r\n</ul>", "status": "True", "slug": "apple-iphone-11-64gb", "date_add": "2020-07-06T00:12:45.405Z", "date_upd": "2020-07-06T00:12:45.405Z"}}, {"model": "product.image", "pk": 4, "fields": {"product": 11, "titre": "red", "photo": "images/banner01_IdD1LOI.jpg"}}, {"model": "product.image", "pk": 5, "fields": {"product": 11, "titre": "black", "photo": "images/product07.jpg"}}, {"model": "product.image", "pk": 6, "fields": {"product": 11, "titre": "brun", "photo": "images/product08.jpg"}}, {"model": "product.image", "pk": 7, "fields": {"product": 11, "titre": "blue", "photo": "images/product01.jpg"}}, {"model": "product.image", "pk": 8, "fields": {"product": 11, "titre": "walk", "photo": "images/banner15.jpg"}}, {"model": "product.comment", "pk": 3, "fields": {"produit": 10, "user": 2, "subject": "fall", "comment": "je ne suis pas convaincu", "rate": 3, "ip": "127.0.0.1", "status": "Red", "date_add": "2020-06-29T01:13:17.685Z", "date_upd": "2020-06-29T01:13:52.641Z"}}, {"model": "product.comment", "pk": 21, "fields": {"produit": 13, "user": 1, "subject": "jolie robe", "comment": "Cette robe me plait beaucoup je vais l'acheter pour mon 31 d\u00e9cembre", "rate": 4, "ip": "127.0.0.1", "status": "Red", "date_add": "2020-07-02T11:01:02.532Z", "date_upd": "2020-07-02T11:01:28.544Z"}}, {"model": "product.comment", "pk": 24, "fields": {"produit": 11, "user": 2, "subject": "coll", "comment": "Merci pour cette belle robe !!!", "rate": 4, "ip": "127.0.0.1", "status": "Red", "date_add": "2020-07-02T13:05:47.594Z", "date_upd": "2020-07-02T13:06:24.093Z"}}, {"model": "product.comment", "pk": 25, "fields": {"produit": 14, "user": 2, "subject": "ccc", "comment": "jhfghgfhj", "rate": 3, "ip": "127.0.0.1", "status": "New", "date_add": "2020-07-02T18:00:29.659Z", "date_upd": "2020-07-02T18:00:29.659Z"}}, {"model": "product.comment", "pk": 27, "fields": {"produit": 20, "user": 1, "subject": "zo", "comment": "c'est cool ce produit", "rate": 3, "ip": "127.0.0.1", "status": "Red", "date_add": "2020-07-05T04:18:36.200Z", "date_upd": "2020-07-05T05:10:39.807Z"}}, {"model": "product.comment", "pk": 28, "fields": {"produit": 27, "user": 1, "subject": "attirant", "comment": "cet article est super joi", "rate": 5, "ip": "127.0.0.1", "status": "Red", "date_add": "2020-07-05T05:11:32.347Z", "date_upd": "2020-07-05T05:11:48.114Z"}},  {"model": "user.userprofile", "pk": 1, "fields": {"user": 2, "phone": "02145654", "address": "western avenus 220", "city": "Bassam", "country": "France", "image": "images/users/IMG_20191127_084346.jpg"}}, {"model": "user.userprofile", "pk": 2, "fields": {"user": 1, "phone": "4613458", "address": "wes", "city": "Bamako", "country": "Mali", "image": "images/users/IMG_20191003_173635_1.jpg"}}, {"model": "user.userprofile", "pk": 3, "fields": {"user": 12, "phone": "4613458", "address": "western avenus", "city": "Bamako", "country": "civ", "image": "images/users/IMG_20190916_115250_8_1569248715640.jpg"}}, {"model": "user.userprofile", "pk": 6, "fields": {"user": 18, "phone": "4613458", "address": "western avenus", "city": "waga", "country": "BFA", "image": "images/users/IMG_20191005_175317_4_1570348532346.jpg"}}, {"model": "user.userprofile", "pk": 7, "fields": {"user": 19, "phone": "", "address": "", "city": "", "country": "", "image": "images/users/user.jpg"}}, {"model": "user.userprofile", "pk": 8, "fields": {"user": 20, "phone": "53808036", "address": "MACACI", "city": "Abidjan", "country": "civ", "image": "images/users/IMG_20190905_192033_0.jpg"}}, {"model": "user.userprofile", "pk": 9, "fields": {"user": 21, "phone": "88007354", "address": "wili", "city": "Korhogo", "country": "C\u00f4te d\u2019Ivoire", "image": "images/users/b.jpg"}}, {"model": "user.userprofile", "pk": 10, "fields": {"user": 22, "phone": "45981434", "address": "nouveau quartier", "city": "Korhogo", "country": "civ", "image": "images/users/IMG-20190813-WA0009.jpg"}}, {"model": "admin.logentry", "pk": 1, "fields": {"action_time": "2020-06-26T08:28:08.155Z", "user": 1, "content_type": 7, "object_id": "1", "object_repr": "Computers", "action_flag": 1, "change_message": "[{\"added\": {}}]"}}, {"model": "admin.logentry", "pk": 2, "fields": {"action_time": "2020-06-26T08:30:50.433Z", "user": 1, "content_type": 7, "object_id": "2", "object_repr": "Electronics", "action_flag": 1, "change_message": "[{\"added\": {}}]"}}, {"model": "admin.logentry", "pk": 3, "fields": {"action_time": "2020-06-26T08:54:41.636Z", "user": 1, "content_type": 7, "object_id": "3", "object_repr": "Laptop cumputers", "action_flag": 1, "change_message": "[{\"added\": {}}]"}}, {"model": "admin.logentry", "pk": 4, "fields": {"action_time": "2020-06-26T08:55:26.178Z", "user": 1, "content_type": 7, "object_id": "4", "object_repr": "desktop", "action_flag": 1, "change_message": "[{\"added\": {}}]"}}, {"model": "admin.logentry", "pk": 5, "fields": {"action_time": "2020-06-26T08:58:52.125Z", "user": 1, "content_type": 8, "object_id": "1", "object_repr": "computer pc 87", "action_flag": 1, "change_message": "[{\"added\": {}}]"}}, {"model": "admin.logentry", "pk": 6, "fields": {"action_time": "2020-06-26T08:59:59.984Z", "user": 1, "content_type": 8, "object_id": "2", "object_repr": "ordi c8", "action_flag": 1, "change_message": "[{\"added\": {}}]"}}, {"model": "admin.logentry", "pk": 7, "fields": {"action_time": "2020-06-26T09:27:57.004Z", "user": 1, "content_type": 8, "object_id": "3", "object_repr": "toshiba", "action_flag": 1, "change_message": "[{\"added\": {}}]"}}, {"model": "admin.logentry", "pk": 8, "fields": {"action_time": "2020-06-26T09:48:31.224Z", "user": 1, "content_type": 9, "object_id": "1", "object_repr": "black", "action_flag": 1, "change_message": "[{\"added\": {}}]"}}, {"model": "admin.logentry", "pk": 9, "fields": {"action_time": "2020-06-26T09:57:32.600Z", "user": 1, "content_type": 8, "object_id": "1", "object_repr": "computer pc 87", "action_flag": 2, "change_message": "[]"}}, {"model": "admin.logentry", "pk": 10, "fields": {"action_time": "2020-06-26T09:58:18.733Z", "user": 1, "content_type": 8, "object_id": "3", "object_repr": "toshiba", "action_flag": 2, "change_message": "[{\"added\": {\"name\": \"image\", \"object\": \"red\"}}]"}}, {"model": "admin.logentry", "pk": 11, "fields": {"action_time": "2020-06-26T09:59:52.130Z", "user": 1, "content_type": 7, "object_id": "5", "object_repr": "Phone", "action_flag": 1, "change_message": "[{\"added\": {}}]"}}, {"model": "admin.logentry", "pk": 12, "fields": {"action_time": "2020-06-26T10:00:30.277Z", "user": 1, "content_type": 7, "object_id": "6", "object_repr": "iphone", "action_flag": 1, "change_message": "[{\"added\": {}}]"}}, {"model": "admin.logentry", "pk": 13, "fields": {"action_time": "2020-06-26T10:01:18.373Z", "user": 1, "content_type": 7, "object_id": "7", "object_repr": "samsumg", "action_flag": 1, "change_message": "[{\"added\": {}}]"}}, {"model": "admin.logentry", "pk": 14, "fields": {"action_time": "2020-06-26T10:02:57.224Z", "user": 1, "content_type": 8, "object_id": "4", "object_repr": "iphone x", "action_flag": 1, "change_message": "[{\"added\": {}}]"}}, {"model": "admin.logentry", "pk": 15, "fields": {"action_time": "2020-06-26T10:14:18.750Z", "user": 1, "content_type": 9, "object_id": "3", "object_repr": "blond", "action_flag": 1, "change_message": "[{\"added\": {}}]"}}, {"model": "admin.logentry", "pk": 16, "fields": {"action_time": "2020-06-26T10:18:12.298Z", "user": 1, "content_type": 8, "object_id": "5", "object_repr": "j8", "action_flag": 1, "change_message": "[{\"added\": {}}]"}}, {"model": "admin.logentry", "pk": 17, "fields": {"action_time": "2020-06-26T10:33:59.906Z", "user": 1, "content_type": 8, "object_id": "4", "object_repr": "iphone x", "action_flag": 2, "change_message": "[{\"changed\": {\"fields\": [\"Details\"]}}]"}}, {"model": "admin.logentry", "pk": 18, "fields": {"action_time": "2020-06-26T10:53:19.076Z", "user": 1, "content_type": 10, "object_id": "1", "object_repr": "BestBaby Shopping Web Site", "action_flag": 1, "change_message": "[{\"added\": {}}]"}}, {"model": "admin.logentry", "pk": 19, "fields": {"action_time": "2020-06-26T16:26:21.499Z", "user": 1, "content_type": 11, "object_id": "2", "object_repr": "daouda", "action_flag": 2, "change_message": "[{\"changed\": {\"fields\": [\"Note\"]}}]"}}, {"model": "admin.logentry", "pk": 20, "fields": {"action_time": "2020-06-26T16:30:32.942Z", "user": 1, "content_type": 11, "object_id": "4", "object_repr": "python", "action_flag": 2, "change_message": "[]"}}, {"model": "admin.logentry", "pk": 21, "fields": {"action_time": "2020-06-26T16:30:53.748Z", "user": 1, "content_type": 11, "object_id": "4", "object_repr": "python", "action_flag": 2, "change_message": "[{\"changed\": {\"fields\": [\"Status\", \"Note\"]}}]"}}, {"model": "admin.logentry", "pk": 22, "fields": {"action_time": "2020-06-26T16:31:16.744Z", "user": 1, "content_type": 11, "object_id": "4", "object_repr": "python", "action_flag": 3, "change_message": ""}}, {"model": "admin.logentry", "pk": 23, "fields": {"action_time": "2020-06-26T16:31:16.918Z", "user": 1, "content_type": 11, "object_id": "3", "object_repr": "python", "action_flag": 3, "change_message": ""}}, {"model": "admin.logentry", "pk": 24, "fields": {"action_time": "2020-06-26T16:31:17.062Z", "user": 1, "content_type": 11, "object_id": "2", "object_repr": "daouda", "action_flag": 3, "change_message": ""}}, {"model": "admin.logentry", "pk": 25, "fields": {"action_time": "2020-06-26T16:53:28.592Z", "user": 1, "content_type": 7, "object_id": "5", "object_repr": "Phone", "action_flag": 3, "change_message": ""}}, {"model": "admin.logentry", "pk": 26, "fields": {"action_time": "2020-06-26T16:53:28.944Z", "user": 1, "content_type": 7, "object_id": "2", "object_repr": "Electronics", "action_flag": 3, "change_message": ""}}, {"model": "admin.logentry", "pk": 27, "fields": {"action_time": "2020-06-26T16:54:21.681Z", "user": 1, "content_type": 7, "object_id": "8", "object_repr": "Telephone", "action_flag": 1, "change_message": "[{\"added\": {}}]"}}, {"model": "admin.logentry", "pk": 28, "fields": {"action_time": "2020-06-26T16:54:33.104Z", "user": 1, "content_type": 7, "object_id": "1", "object_repr": "Computers", "action_flag": 3, "change_message": ""}}, {"model": "admin.logentry", "pk": 29, "fields": {"action_time": "2020-06-26T16:55:14.571Z", "user": 1, "content_type": 7, "object_id": "9", "object_repr": "Itel", "action_flag": 1, "change_message": "[{\"added\": {}}]"}}, {"model": "admin.logentry", "pk": 30, "fields": {"action_time": "2020-06-26T16:56:04.078Z", "user": 1, "content_type": 7, "object_id": "10", "object_repr": "samsumg", "action_flag": 1, "change_message": "[{\"added\": {}}]"}}, {"model": "admin.logentry", "pk": 31, "fields": {"action_time": "2020-06-26T16:56:48.175Z", "user": 1, "content_type": 7, "object_id": "11", "object_repr": "Computers", "action_flag": 1, "change_message": "[{\"added\": {}}]"}}, {"model": "admin.logentry", "pk": 32, "fields": {"action_time": "2020-06-26T16:57:19.706Z", "user": 1, "content_type": 7, "object_id": "12", "object_repr": "Laptop cumputers", "action_flag": 1, "change_message": "[{\"added\": {}}]"}}, {"model": "admin.logentry", "pk": 33, "fields": {"action_time": "2020-06-26T16:58:07.497Z", "user": 1, "content_type": 7, "object_id": "13", "object_repr": "desktop", "action_flag": 1, "change_message": "[{\"added\": {}}]"}}, {"model": "admin.logentry", "pk": 34, "fields": {"action_time": "2020-06-26T16:59:33.486Z", "user": 1, "content_type": 8, "object_id": "6", "object_repr": "pc 78", "action_flag": 1, "change_message": "[{\"added\": {}}]"}}, {"model": "admin.logentry", "pk": 35, "fields": {"action_time": "2020-06-26T17:01:37.132Z", "user": 1, "content_type": 8, "object_id": "7", "object_repr": "ordi c7", "action_flag": 1, "change_message": "[{\"added\": {}}]"}}, {"model": "admin.logentry", "pk": 36, "fields": {"action_time": "2020-06-26T17:02:38.607Z", "user": 1, "content_type": 8, "object_id": "8", "object_repr": "desktop desk", "action_flag": 1, "change_message": "[{\"added\": {}}]"}}, {"model": "admin.logentry", "pk": 37, "fields": {"action_time": "2020-06-26T17:03:44.523Z", "user": 1, "content_type": 8, "object_id": "9", "object_repr": "Itel phone", "action_flag": 1, "change_message": "[{\"added\": {}}]"}}, {"model": "admin.logentry", "pk": 38, "fields": {"action_time": "2020-06-26T17:04:39.195Z", "user": 1, "content_type": 8, "object_id": "10", "object_repr": "galaxi s5", "action_flag": 1, "change_message": "[{\"added\": {}}]"}}, {"model": "admin.logentry", "pk": 39, "fields": {"action_time": "2020-06-26T17:43:23.530Z", "user": 1, "content_type": 7, "object_id": "14", "object_repr": "Shoses-clothes-Bags", "action_flag": 1, "change_message": "[{\"added\": {}}]"}}, {"model": "admin.logentry", "pk": 40, "fields": {"action_time": "2020-06-26T17:44:34.106Z", "user": 1, "content_type": 7, "object_id": "15", "object_repr": "Shoses-clothes-Bags / Shose all", "action_flag": 1, "change_message": "[{\"added\": {}}]"}}, {"model": "admin.logentry", "pk": 41, "fields": {"action_time": "2020-06-26T17:45:15.157Z", "user": 1, "content_type": 7, "object_id": "16", "object_repr": "Shoses-clothes-Bags / Bags all", "action_flag": 1, "change_message": "[{\"added\": {}}]"}}, {"model": "admin.logentry", "pk": 42, "fields": {"action_time": "2020-06-26T17:46:09.335Z", "user": 1, "content_type": 7, "object_id": "17", "object_repr": "Shoses-clothes-Bags / clothes all", "action_flag": 1, "change_message": "[{\"added\": {}}]"}}, {"model": "admin.logentry", "pk": 43, "fields": {"action_time": "2020-06-26T17:48:23.084Z", "user": 1, "content_type": 8, "object_id": "11", "object_repr": "bags child", "action_flag": 1, "change_message": "[{\"added\": {}}]"}}, {"model": "admin.logentry", "pk": 44, "fields": {"action_time": "2020-06-26T17:49:22.457Z", "user": 1, "content_type": 8, "object_id": "12", "object_repr": "shoses child", "action_flag": 1, "change_message": "[{\"added\": {}}]"}}, {"model": "admin.logentry", "pk": 45, "fields": {"action_time": "2020-06-26T17:50:26.377Z", "user": 1, "content_type": 8, "object_id": "13", "object_repr": "clothes open", "action_flag": 1, "change_message": "[{\"added\": {}}]"}}, {"model": "admin.logentry", "pk": 46, "fields": {"action_time": "2020-06-26T17:52:37.968Z", "user": 1, "content_type": 8, "object_id": "14", "object_repr": "shoses blue", "action_flag": 1, "change_message": "[{\"added\": {}}]"}}, {"model": "admin.logentry", "pk": 47, "fields": {"action_time": "2020-06-26T19:13:23.512Z", "user": 1, "content_type": 8, "object_id": "15", "object_repr": "pc desk", "action_flag": 1, "change_message": "[{\"added\": {}}]"}}, {"model": "admin.logentry", "pk": 48, "fields": {"action_time": "2020-06-26T22:12:11.369Z", "user": 1, "content_type": 8, "object_id": "8", "object_repr": "desktop desk", "action_flag": 3, "change_message": ""}}, {"model": "admin.logentry", "pk": 49, "fields": {"action_time": "2020-06-27T03:24:46.544Z", "user": 1, "content_type": 8, "object_id": "11", "object_repr": "bags child", "action_flag": 2, "change_message": "[{\"added\": {\"name\": \"image\", \"object\": \"red\"}}, {\"added\": {\"name\": \"image\", \"object\": \"black\"}}, {\"added\": {\"name\": \"image\", \"object\": \"brun\"}}, {\"added\": {\"name\": \"image\", \"object\": \"blue\"}}, {\"added\": {\"name\": \"image\", \"object\": \"walk\"}}]"}}, {"model": "admin.logentry", "pk": 50, "fields": {"action_time": "2020-06-27T09:57:28.457Z", "user": 2, "content_type": 13, "object_id": "1", "object_repr": "pc desk", "action_flag": 1, "change_message": "[{\"added\": {}}]"}}, {"model": "admin.logentry", "pk": 51, "fields": {"action_time": "2020-06-27T13:23:05.958Z", "user": 2, "content_type": 13, "object_id": "1", "object_repr": "pc desk", "action_flag": 3, "change_message": ""}}, {"model": "admin.logentry", "pk": 52, "fields": {"action_time": "2020-06-27T13:58:51.849Z", "user": 2, "content_type": 13, "object_id": "5", "object_repr": "galaxi s5", "action_flag": 3, "change_message": ""}}, {"model": "admin.logentry", "pk": 53, "fields": {"action_time": "2020-06-27T13:58:52.143Z", "user": 2, "content_type": 13, "object_id": "4", "object_repr": "Itel phone", "action_flag": 3, "change_message": ""}}, {"model": "admin.logentry", "pk": 54, "fields": {"action_time": "2020-06-27T13:58:52.277Z", "user": 2, "content_type": 13, "object_id": "3", "object_repr": "pc 78", "action_flag": 3, "change_message": ""}}, {"model": "admin.logentry", "pk": 55, "fields": {"action_time": "2020-06-27T13:58:52.433Z", "user": 2, "content_type": 13, "object_id": "2", "object_repr": "ordi c7", "action_flag": 3, "change_message": ""}}, {"model": "admin.logentry", "pk": 56, "fields": {"action_time": "2020-06-27T14:44:15.206Z", "user": 2, "content_type": 13, "object_id": "10", "object_repr": "shoses child", "action_flag": 3, "change_message": ""}}, {"model": "admin.logentry", "pk": 57, "fields": {"action_time": "2020-06-27T14:44:15.382Z", "user": 2, "content_type": 13, "object_id": "9", "object_repr": "shoses blue", "action_flag": 3, "change_message": ""}}, {"model": "admin.logentry", "pk": 58, "fields": {"action_time": "2020-06-27T23:18:53.384Z", "user": 2, "content_type": 14, "object_id": "1", "object_repr": "e_shop", "action_flag": 1, "change_message": "[{\"added\": {}}]"}}, {"model": "admin.logentry", "pk": 59, "fields": {"action_time": "2020-06-27T23:19:25.945Z", "user": 2, "content_type": 14, "object_id": "2", "object_repr": "admin1", "action_flag": 1, "change_message": "[{\"added\": {}}]"}}, {"model": "admin.logentry", "pk": 60, "fields": {"action_time": "2020-06-27T23:22:52.293Z", "user": 2, "content_type": 4, "object_id": "3", "object_repr": "David", "action_flag": 1, "change_message": "[{\"added\": {}}]"}}, {"model": "admin.logentry", "pk": 61, "fields": {"action_time": "2020-06-27T23:53:05.105Z", "user": 2, "content_type": 4, "object_id": "3", "object_repr": "David", "action_flag": 2, "change_message": "[{\"changed\": {\"fields\": [\"First name\", \"Last name\"]}}]"}}, {"model": "admin.logentry", "pk": 62, "fields": {"action_time": "2020-06-27T23:53:32.564Z", "user": 2, "content_type": 4, "object_id": "1", "object_repr": "admin1", "action_flag": 2, "change_message": "[{\"changed\": {\"fields\": [\"First name\", \"Last name\"]}}]"}}, {"model": "admin.logentry", "pk": 63, "fields": {"action_time": "2020-06-27T23:54:28.828Z", "user": 2, "content_type": 4, "object_id": "2", "object_repr": "e_shop", "action_flag": 2, "change_message": "[{\"changed\": {\"fields\": [\"First name\", \"Last name\"]}}]"}}, {"model": "admin.logentry", "pk": 64, "fields": {"action_time": "2020-06-29T01:10:33.497Z", "user": 2, "content_type": 12, "object_id": "2", "object_repr": "le produit", "action_flag": 2, "change_message": "[{\"changed\": {\"fields\": [\"Status\"]}}]"}}, {"model": "admin.logentry", "pk": 65, "fields": {"action_time": "2020-06-29T01:13:52.645Z", "user": 2, "content_type": 12, "object_id": "3", "object_repr": "fall", "action_flag": 2, "change_message": "[{\"changed\": {\"fields\": [\"Status\"]}}]"}}, {"model": "admin.logentry", "pk": 66, "fields": {"action_time": "2020-06-29T11:41:03.956Z", "user": 2, "content_type": 14, "object_id": "1", "object_repr": "e_shop", "action_flag": 2, "change_message": "[{\"changed\": {\"fields\": [\"Country\"]}}]"}}, {"model": "admin.logentry", "pk": 67, "fields": {"action_time": "2020-06-29T15:32:05.714Z", "user": 2, "content_type": 16, "object_id": "9", "object_repr": "yanick", "action_flag": 3, "change_message": ""}}, {"model": "admin.logentry", "pk": 68, "fields": {"action_time": "2020-06-29T15:32:06.046Z", "user": 2, "content_type": 16, "object_id": "8", "object_repr": "yanick", "action_flag": 3, "change_message": ""}}, {"model": "admin.logentry", "pk": 69, "fields": {"action_time": "2020-06-29T15:32:06.189Z", "user": 2, "content_type": 16, "object_id": "7", "object_repr": "yanick", "action_flag": 3, "change_message": ""}}, {"model": "admin.logentry", "pk": 70, "fields": {"action_time": "2020-06-29T15:32:06.334Z", "user": 2, "content_type": 16, "object_id": "6", "object_repr": "yanick", "action_flag": 3, "change_message": ""}}, {"model": "admin.logentry", "pk": 71, "fields": {"action_time": "2020-06-29T15:32:06.439Z", "user": 2, "content_type": 16, "object_id": "5", "object_repr": "yanick", "action_flag": 3, "change_message": ""}}, {"model": "admin.logentry", "pk": 72, "fields": {"action_time": "2020-06-29T15:32:06.590Z", "user": 2, "content_type": 16, "object_id": "4", "object_repr": "yanick", "action_flag": 3, "change_message": ""}}, {"model": "admin.logentry", "pk": 73, "fields": {"action_time": "2020-06-29T15:32:06.723Z", "user": 2, "content_type": 16, "object_id": "3", "object_repr": "yanick", "action_flag": 3, "change_message": ""}}, {"model": "admin.logentry", "pk": 74, "fields": {"action_time": "2020-06-29T15:32:06.857Z", "user": 2, "content_type": 16, "object_id": "2", "object_repr": "yanick", "action_flag": 3, "change_message": ""}}, {"model": "admin.logentry", "pk": 75, "fields": {"action_time": "2020-06-29T15:33:20.511Z", "user": 2, "content_type": 16, "object_id": "1", "object_repr": "yanick", "action_flag": 3, "change_message": ""}}, {"model": "admin.logentry", "pk": 76, "fields": {"action_time": "2020-06-29T15:49:09.784Z", "user": 2, "content_type": 16, "object_id": "12", "object_repr": "yanick", "action_flag": 3, "change_message": ""}}, {"model": "admin.logentry", "pk": 77, "fields": {"action_time": "2020-06-29T15:49:09.956Z", "user": 2, "content_type": 16, "object_id": "11", "object_repr": "yanick", "action_flag": 3, "change_message": ""}}, {"model": "admin.logentry", "pk": 78, "fields": {"action_time": "2020-06-29T15:49:10.167Z", "user": 2, "content_type": 16, "object_id": "10", "object_repr": "yanick", "action_flag": 3, "change_message": ""}}, {"model": "admin.logentry", "pk": 79, "fields": {"action_time": "2020-06-29T15:52:56.704Z", "user": 2, "content_type": 15, "object_id": "15", "object_repr": "galaxi s5", "action_flag": 2, "change_message": "[]"}}, {"model": "admin.logentry", "pk": 80, "fields": {"action_time": "2020-06-29T16:13:24.023Z", "user": 2, "content_type": 16, "object_id": "13", "object_repr": "yanick", "action_flag": 3, "change_message": ""}}, {"model": "admin.logentry", "pk": 81, "fields": {"action_time": "2020-06-29T16:31:46.861Z", "user": 2, "content_type": 16, "object_id": "16", "object_repr": "yanick", "action_flag": 3, "change_message": ""}}, {"model": "admin.logentry", "pk": 82, "fields": {"action_time": "2020-06-29T16:31:47.005Z", "user": 2, "content_type": 16, "object_id": "15", "object_repr": "yanick", "action_flag": 3, "change_message": ""}}, {"model": "admin.logentry", "pk": 83, "fields": {"action_time": "2020-06-29T16:31:47.153Z", "user": 2, "content_type": 16, "object_id": "14", "object_repr": "yanick", "action_flag": 3, "change_message": ""}}, {"model": "admin.logentry", "pk": 84, "fields": {"action_time": "2020-06-29T16:40:05.124Z", "user": 2, "content_type": 16, "object_id": "17", "object_repr": "yanick", "action_flag": 2, "change_message": "[{\"changed\": {\"fields\": [\"Status\", \"Adminnote\"]}}, {\"changed\": {\"name\": \"commande produit\", \"object\": \"galaxi s5\", \"fields\": [\"Status\"]}}, {\"changed\": {\"name\": \"commande produit\", \"object\": \"ordi c7\", \"fields\": [\"Status\"]}}, {\"changed\": {\"name\": \"commande produit\", \"object\": \"shoses blue\", \"fields\": [\"Status\"]}}]"}}, {"model": "admin.logentry", "pk": 85, "fields": {"action_time": "2020-06-29T16:46:41.354Z", "user": 2, "content_type": 15, "object_id": "22", "object_repr": "pc desk", "action_flag": 3, "change_message": ""}}, {"model": "admin.logentry", "pk": 86, "fields": {"action_time": "2020-06-29T16:46:41.506Z", "user": 2, "content_type": 15, "object_id": "21", "object_repr": "shoses blue", "action_flag": 3, "change_message": ""}}, {"model": "admin.logentry", "pk": 87, "fields": {"action_time": "2020-06-29T16:46:41.638Z", "user": 2, "content_type": 15, "object_id": "20", "object_repr": "ordi c7", "action_flag": 3, "change_message": ""}}, {"model": "admin.logentry", "pk": 88, "fields": {"action_time": "2020-06-29T16:46:41.794Z", "user": 2, "content_type": 15, "object_id": "19", "object_repr": "galaxi s5", "action_flag": 3, "change_message": ""}}, {"model": "admin.logentry", "pk": 89, "fields": {"action_time": "2020-06-29T18:37:27.420Z", "user": 2, "content_type": 16, "object_id": "18", "object_repr": "yanick", "action_flag": 3, "change_message": ""}}, {"model": "admin.logentry", "pk": 90, "fields": {"action_time": "2020-06-29T18:37:27.575Z", "user": 2, "content_type": 16, "object_id": "17", "object_repr": "yanick", "action_flag": 3, "change_message": ""}}, {"model": "admin.logentry", "pk": 91, "fields": {"action_time": "2020-06-30T12:30:45.742Z", "user": 1, "content_type": 4, "object_id": "3", "object_repr": "David", "action_flag": 3, "change_message": ""}}, {"model": "admin.logentry", "pk": 92, "fields": {"action_time": "2020-06-30T12:30:45.891Z", "user": 1, "content_type": 4, "object_id": "4", "object_repr": "admin", "action_flag": 3, "change_message": ""}}, {"model": "admin.logentry", "pk": 93, "fields": {"action_time": "2020-06-30T12:30:46.056Z", "user": 1, "content_type": 4, "object_id": "10", "object_repr": "fousseni", "action_flag": 3, "change_message": ""}}, {"model": "admin.logentry", "pk": 94, "fields": {"action_time": "2020-06-30T12:30:46.190Z", "user": 1, "content_type": 4, "object_id": "6", "object_repr": "karmen", "action_flag": 3, "change_message": ""}}, {"model": "admin.logentry", "pk": 95, "fields": {"action_time": "2020-06-30T12:30:46.302Z", "user": 1, "content_type": 4, "object_id": "5", "object_repr": "silvato", "action_flag": 3, "change_message": ""}}, {"model": "admin.logentry", "pk": 96, "fields": {"action_time": "2020-06-30T12:30:46.455Z", "user": 1, "content_type": 4, "object_id": "9", "object_repr": "solda", "action_flag": 3, "change_message": ""}}, {"model": "admin.logentry", "pk": 97, "fields": {"action_time": "2020-06-30T12:30:46.711Z", "user": 1, "content_type": 4, "object_id": "8", "object_repr": "tim", "action_flag": 3, "change_message": ""}}, {"model": "admin.logentry", "pk": 98, "fields": {"action_time": "2020-06-30T12:30:46.911Z", "user": 1, "content_type": 4, "object_id": "7", "object_repr": "toto", "action_flag": 3, "change_message": ""}}, {"model": "admin.logentry", "pk": 99, "fields": {"action_time": "2020-06-30T12:31:43.803Z", "user": 1, "content_type": 14, "object_id": "2", "object_repr": "admin1", "action_flag": 2, "change_message": "[{\"changed\": {\"fields\": [\"Image\"]}}]"}}, {"model": "admin.logentry", "pk": 100, "fields": {"action_time": "2020-06-30T12:35:36.792Z", "user": 1, "content_type": 14, "object_id": "2", "object_repr": "admin1", "action_flag": 2, "change_message": "[{\"changed\": {\"fields\": [\"City\", \"Country\"]}}]"}}, {"model": "admin.logentry", "pk": 101, "fields": {"action_time": "2020-06-30T12:40:26.398Z", "user": 1, "content_type": 4, "object_id": "11", "object_repr": "amadou", "action_flag": 2, "change_message": "[]"}}, {"model": "admin.logentry", "pk": 102, "fields": {"action_time": "2020-06-30T12:45:00.503Z", "user": 2, "content_type": 16, "object_id": "21", "object_repr": "amed", "action_flag": 2, "change_message": "[{\"changed\": {\"fields\": [\"Status\", \"Adminnote\"]}}, {\"changed\": {\"name\": \"commande produit\", \"object\": \"pc 78\", \"fields\": [\"Status\"]}}, {\"changed\": {\"name\": \"commande produit\", \"object\": \"ordi c7\", \"fields\": [\"Status\"]}}, {\"changed\": {\"name\": \"commande produit\", \"object\": \"bags child\", \"fields\": [\"Status\"]}}]"}}, {"model": "admin.logentry", "pk": 103, "fields": {"action_time": "2020-06-30T15:18:36.962Z", "user": 2, "content_type": 14, "object_id": "3", "object_repr": "isco", "action_flag": 1, "change_message": "[{\"added\": {}}]"}}, {"model": "admin.logentry", "pk": 104, "fields": {"action_time": "2020-06-30T15:54:30.669Z", "user": 2, "content_type": 16, "object_id": "24", "object_repr": "yanick", "action_flag": 3, "change_message": ""}}, {"model": "admin.logentry", "pk": 105, "fields": {"action_time": "2020-06-30T15:54:30.831Z", "user": 2, "content_type": 16, "object_id": "23", "object_repr": "yanick", "action_flag": 3, "change_message": ""}}, {"model": "admin.logentry", "pk": 106, "fields": {"action_time": "2020-06-30T15:54:30.976Z", "user": 2, "content_type": 16, "object_id": "22", "object_repr": "yanick", "action_flag": 3, "change_message": ""}}, {"model": "admin.logentry", "pk": 107, "fields": {"action_time": "2020-06-30T15:54:31.132Z", "user": 2, "content_type": 16, "object_id": "21", "object_repr": "amed", "action_flag": 3, "change_message": ""}}, {"model": "admin.logentry", "pk": 108, "fields": {"action_time": "2020-06-30T15:55:20.441Z", "user": 2, "content_type": 13, "object_id": "43", "object_repr": "shoses child", "action_flag": 3, "change_message": ""}}, {"model": "admin.logentry", "pk": 109, "fields": {"action_time": "2020-06-30T15:55:20.582Z", "user": 2, "content_type": 13, "object_id": "42", "object_repr": "pc desk", "action_flag": 3, "change_message": ""}}, {"model": "admin.logentry", "pk": 110, "fields": {"action_time": "2020-06-30T15:55:20.768Z", "user": 2, "content_type": 13, "object_id": "39", "object_repr": "bags child", "action_flag": 3, "change_message": ""}}, {"model": "admin.logentry", "pk": 111, "fields": {"action_time": "2020-06-30T15:55:20.937Z", "user": 2, "content_type": 13, "object_id": "38", "object_repr": "pc 78", "action_flag": 3, "change_message": ""}}, {"model": "admin.logentry", "pk": 112, "fields": {"action_time": "2020-06-30T15:55:21.103Z", "user": 2, "content_type": 13, "object_id": "37", "object_repr": "ordi c7", "action_flag": 3, "change_message": ""}}, {"model": "admin.logentry", "pk": 113, "fields": {"action_time": "2020-07-01T17:14:27.995Z", "user": 2, "content_type": 16, "object_id": "19", "object_repr": "yanick", "action_flag": 3, "change_message": ""}}, {"model": "admin.logentry", "pk": 114, "fields": {"action_time": "2020-07-01T17:21:56.455Z", "user": 2, "content_type": 16, "object_id": "20", "object_repr": "yanick", "action_flag": 2, "change_message": "[{\"changed\": {\"fields\": [\"Status\", \"Adminnote\"]}}, {\"changed\": {\"name\": \"commande produit\", \"object\": \"pc desk\", \"fields\": [\"Status\"]}}]"}}, {"model": "admin.logentry", "pk": 115, "fields": {"action_time": "2020-07-01T19:45:34.534Z", "user": 2, "content_type": 16, "object_id": "25", "object_repr": "yanick", "action_flag": 2, "change_message": "[{\"changed\": {\"fields\": [\"Adminnote\"]}}, {\"changed\": {\"name\": \"commande produit\", \"object\": \"Itel phone\", \"fields\": [\"Status\"]}}, {\"changed\": {\"name\": \"commande produit\", \"object\": \"pc desk\", \"fields\": [\"Status\"]}}, {\"changed\": {\"name\": \"commande produit\", \"object\": \"pc 78\", \"fields\": [\"Status\"]}}, {\"changed\": {\"name\": \"commande produit\", \"object\": \"shoses blue\", \"fields\": [\"Status\"]}}, {\"changed\": {\"name\": \"commande produit\", \"object\": \"shoses child\", \"fields\": [\"Status\"]}}]"}}, {"model": "admin.logentry", "pk": 116, "fields": {"action_time": "2020-07-01T22:59:01.470Z", "user": 1, "content_type": 11, "object_id": "1", "object_repr": "daouda", "action_flag": 2, "change_message": "[{\"changed\": {\"fields\": [\"Status\"]}}]"}}, {"model": "admin.logentry", "pk": 117, "fields": {"action_time": "2020-07-01T23:15:04.308Z", "user": 1, "content_type": 12, "object_id": "4", "object_repr": "message", "action_flag": 2, "change_message": "[{\"changed\": {\"fields\": [\"Status\"]}}]"}}, {"model": "admin.logentry", "pk": 118, "fields": {"action_time": "2020-07-01T23:23:29.574Z", "user": 1, "content_type": 12, "object_id": "5", "object_repr": "message", "action_flag": 2, "change_message": "[{\"changed\": {\"fields\": [\"Status\"]}}]"}}, {"model": "admin.logentry", "pk": 119, "fields": {"action_time": "2020-07-01T23:26:24.369Z", "user": 1, "content_type": 12, "object_id": "6", "object_repr": "super article", "action_flag": 2, "change_message": "[{\"changed\": {\"fields\": [\"Status\"]}}]"}}, {"model": "admin.logentry", "pk": 120, "fields": {"action_time": "2020-07-01T23:35:55.037Z", "user": 1, "content_type": 12, "object_id": "11", "object_repr": "ergergre", "action_flag": 3, "change_message": ""}}, {"model": "admin.logentry", "pk": 121, "fields": {"action_time": "2020-07-01T23:35:55.196Z", "user": 1, "content_type": 12, "object_id": "10", "object_repr": "rgggezge", "action_flag": 3, "change_message": ""}}, {"model": "admin.logentry", "pk": 122, "fields": {"action_time": "2020-07-01T23:35:55.373Z", "user": 1, "content_type": 12, "object_id": "9", "object_repr": "AEFEFEzefez", "action_flag": 3, "change_message": ""}}, {"model": "admin.logentry", "pk": 123, "fields": {"action_time": "2020-07-01T23:35:55.518Z", "user": 1, "content_type": 12, "object_id": "8", "object_repr": "message", "action_flag": 3, "change_message": ""}}, {"model": "admin.logentry", "pk": 124, "fields": {"action_time": "2020-07-01T23:35:55.650Z", "user": 1, "content_type": 12, "object_id": "7", "object_repr": "dddddd", "action_flag": 3, "change_message": ""}}, {"model": "admin.logentry", "pk": 125, "fields": {"action_time": "2020-07-01T23:35:55.940Z", "user": 1, "content_type": 12, "object_id": "5", "object_repr": "message", "action_flag": 3, "change_message": ""}}, {"model": "admin.logentry", "pk": 126, "fields": {"action_time": "2020-07-01T23:35:56.117Z", "user": 1, "content_type": 12, "object_id": "4", "object_repr": "message", "action_flag": 3, "change_message": ""}}, {"model": "admin.logentry", "pk": 127, "fields": {"action_time": "2020-07-01T23:35:56.252Z", "user": 1, "content_type": 12, "object_id": "1", "object_repr": "rere", "action_flag": 3, "change_message": ""}}, {"model": "admin.logentry", "pk": 128, "fields": {"action_time": "2020-07-01T23:38:48.075Z", "user": 1, "content_type": 12, "object_id": "14", "object_repr": "birn", "action_flag": 2, "change_message": "[{\"changed\": {\"fields\": [\"Status\"]}}]"}}, {"model": "admin.logentry", "pk": 129, "fields": {"action_time": "2020-07-01T23:39:05.218Z", "user": 1, "content_type": 12, "object_id": "12", "object_repr": "cool", "action_flag": 2, "change_message": "[{\"changed\": {\"fields\": [\"Status\"]}}]"}}, {"model": "admin.logentry", "pk": 130, "fields": {"action_time": "2020-07-02T10:40:29.289Z", "user": 1, "content_type": 12, "object_id": "18", "object_repr": "mon commentaire", "action_flag": 2, "change_message": "[{\"changed\": {\"fields\": [\"Status\"]}}]"}}, {"model": "admin.logentry", "pk": 131, "fields": {"action_time": "2020-07-02T10:47:12.005Z", "user": 1, "content_type": 16, "object_id": "25", "object_repr": "yanick", "action_flag": 2, "change_message": "[{\"changed\": {\"fields\": [\"Status\"]}}]"}}, {"model": "admin.logentry", "pk": 132, "fields": {"action_time": "2020-07-02T10:51:39.463Z", "user": 1, "content_type": 12, "object_id": "20", "object_repr": "top", "action_flag": 2, "change_message": "[{\"changed\": {\"fields\": [\"Status\"]}}]"}}, {"model": "admin.logentry", "pk": 133, "fields": {"action_time": "2020-07-02T11:01:28.551Z", "user": 1, "content_type": 12, "object_id": "21", "object_repr": "jolie robe", "action_flag": 2, "change_message": "[{\"changed\": {\"fields\": [\"Status\"]}}]"}}, {"model": "admin.logentry", "pk": 134, "fields": {"action_time": "2020-07-02T11:19:35.532Z", "user": 1, "content_type": 12, "object_id": "22", "object_repr": "tr\u00e8s bon", "action_flag": 2, "change_message": "[{\"changed\": {\"fields\": [\"Status\"]}}]"}}, {"model": "admin.logentry", "pk": 135, "fields": {"action_time": "2020-07-02T11:47:48.337Z", "user": 1, "content_type": 12, "object_id": "23", "object_repr": "cool", "action_flag": 2, "change_message": "[{\"changed\": {\"fields\": [\"Status\"]}}]"}}, {"model": "admin.logentry", "pk": 136, "fields": {"action_time": "2020-07-02T13:06:24.097Z", "user": 2, "content_type": 12, "object_id": "24", "object_repr": "coll", "action_flag": 2, "change_message": "[{\"changed\": {\"fields\": [\"Status\"]}}]"}}, {"model": "admin.logentry", "pk": 137, "fields": {"action_time": "2020-07-02T14:21:00.344Z", "user": 2, "content_type": 17, "object_id": "1", "object_repr": "Quelle est la diff\u00e9rence entre les versions 32 bits et 64 bits de Windows?", "action_flag": 1, "change_message": "[{\"added\": {}}]"}}, {"model": "admin.logentry", "pk": 138, "fields": {"action_time": "2020-07-02T14:22:15.557Z", "user": 2, "content_type": 17, "object_id": "2", "object_repr": "Pourquoi votre site indique-t-il plusieurs disponibilit\u00e9s ?", "action_flag": 1, "change_message": "[{\"added\": {}}]"}}, {"model": "admin.logentry", "pk": 139, "fields": {"action_time": "2020-07-02T14:24:14.827Z", "user": 2, "content_type": 17, "object_id": "3", "object_repr": "Comment fonctionne le classement des ventes ?", "action_flag": 1, "change_message": "[{\"added\": {}}]"}}, {"model": "admin.logentry", "pk": 140, "fields": {"action_time": "2020-07-02T14:56:09.790Z", "user": 2, "content_type": 17, "object_id": "1", "object_repr": "Quelle est la diff\u00e9rence entre les versions 32 bits et 64 bits de Windows?", "action_flag": 2, "change_message": "[{\"changed\": {\"fields\": [\"Answer\"]}}]"}}, {"model": "admin.logentry", "pk": 141, "fields": {"action_time": "2020-07-02T14:56:56.870Z", "user": 2, "content_type": 17, "object_id": "1", "object_repr": "Quelle est la diff\u00e9rence entre les versions 32 bits et 64 bits de Windows?", "action_flag": 2, "change_message": "[{\"changed\": {\"fields\": [\"Answer\"]}}]"}}, {"model": "admin.logentry", "pk": 142, "fields": {"action_time": "2020-07-02T16:51:42.491Z", "user": 2, "content_type": 8, "object_id": "15", "object_repr": "pc desk", "action_flag": 2, "change_message": "[{\"changed\": {\"fields\": [\"Price\", \"Amount\"]}}]"}}, {"model": "admin.logentry", "pk": 143, "fields": {"action_time": "2020-07-02T16:52:15.024Z", "user": 2, "content_type": 8, "object_id": "14", "object_repr": "shoses blue", "action_flag": 2, "change_message": "[{\"changed\": {\"fields\": [\"Price\", \"Amount\"]}}]"}}, {"model": "admin.logentry", "pk": 144, "fields": {"action_time": "2020-07-02T16:53:01.989Z", "user": 2, "content_type": 8, "object_id": "13", "object_repr": "clothes open", "action_flag": 2, "change_message": "[{\"changed\": {\"fields\": [\"Price\", \"Amount\", \"Reduction\"]}}]"}}, {"model": "admin.logentry", "pk": 145, "fields": {"action_time": "2020-07-02T16:53:56.892Z", "user": 2, "content_type": 8, "object_id": "13", "object_repr": "clothes open", "action_flag": 2, "change_message": "[]"}}, {"model": "admin.logentry", "pk": 146, "fields": {"action_time": "2020-07-02T20:26:12.623Z", "user": 2, "content_type": 14, "object_id": "6", "object_repr": "Yackson", "action_flag": 2, "change_message": "[{\"changed\": {\"fields\": [\"Phone\", \"Address\", \"City\", \"Country\", \"Image\"]}}]"}}, {"model": "admin.logentry", "pk": 147, "fields": {"action_time": "2020-07-02T20:38:44.287Z", "user": 2, "content_type": 14, "object_id": "5", "object_repr": "aky", "action_flag": 3, "change_message": ""}}, {"model": "admin.logentry", "pk": 148, "fields": {"action_time": "2020-07-02T20:38:44.402Z", "user": 2, "content_type": 14, "object_id": "4", "object_repr": "silvato", "action_flag": 3, "change_message": ""}}, {"model": "admin.logentry", "pk": 149, "fields": {"action_time": "2020-07-02T20:39:38.263Z", "user": 2, "content_type": 13, "object_id": "75", "object_repr": "ordi c7", "action_flag": 3, "change_message": ""}}, {"model": "admin.logentry", "pk": 150, "fields": {"action_time": "2020-07-02T20:39:38.396Z", "user": 2, "content_type": 13, "object_id": "74", "object_repr": "shoses child", "action_flag": 3, "change_message": ""}}, {"model": "admin.logentry", "pk": 151, "fields": {"action_time": "2020-07-02T20:39:38.497Z", "user": 2, "content_type": 13, "object_id": "73", "object_repr": "pc desk", "action_flag": 3, "change_message": ""}}, {"model": "admin.logentry", "pk": 152, "fields": {"action_time": "2020-07-02T20:39:38.607Z", "user": 2, "content_type": 13, "object_id": "72", "object_repr": "pc 78", "action_flag": 3, "change_message": ""}}, {"model": "admin.logentry", "pk": 153, "fields": {"action_time": "2020-07-02T20:39:38.687Z", "user": 2, "content_type": 13, "object_id": "71", "object_repr": "Itel phone", "action_flag": 3, "change_message": ""}}, {"model": "admin.logentry", "pk": 154, "fields": {"action_time": "2020-07-02T20:39:38.796Z", "user": 2, "content_type": 13, "object_id": "63", "object_repr": "shoses blue", "action_flag": 3, "change_message": ""}}, {"model": "admin.logentry", "pk": 155, "fields": {"action_time": "2020-07-02T20:39:38.923Z", "user": 2, "content_type": 13, "object_id": "62", "object_repr": "bags child", "action_flag": 3, "change_message": ""}}, {"model": "admin.logentry", "pk": 156, "fields": {"action_time": "2020-07-02T20:39:39.075Z", "user": 2, "content_type": 13, "object_id": "46", "object_repr": "clothes open", "action_flag": 3, "change_message": ""}}, {"model": "admin.logentry", "pk": 157, "fields": {"action_time": "2020-07-02T20:39:39.220Z", "user": 2, "content_type": 13, "object_id": "45", "object_repr": "galaxi s5", "action_flag": 3, "change_message": ""}}, {"model": "admin.logentry", "pk": 158, "fields": {"action_time": "2020-07-02T20:39:54.597Z", "user": 2, "content_type": 15, "object_id": "37", "object_repr": "Itel phone", "action_flag": 3, "change_message": ""}}, {"model": "admin.logentry", "pk": 159, "fields": {"action_time": "2020-07-02T20:39:54.744Z", "user": 2, "content_type": 15, "object_id": "36", "object_repr": "pc desk", "action_flag": 3, "change_message": ""}}, {"model": "admin.logentry", "pk": 160, "fields": {"action_time": "2020-07-02T20:39:54.886Z", "user": 2, "content_type": 15, "object_id": "35", "object_repr": "shoses child", "action_flag": 3, "change_message": ""}}, {"model": "admin.logentry", "pk": 161, "fields": {"action_time": "2020-07-02T20:39:55.031Z", "user": 2, "content_type": 15, "object_id": "34", "object_repr": "shoses blue", "action_flag": 3, "change_message": ""}}, {"model": "admin.logentry", "pk": 162, "fields": {"action_time": "2020-07-02T20:39:55.177Z", "user": 2, "content_type": 15, "object_id": "33", "object_repr": "pc 78", "action_flag": 3, "change_message": ""}}, {"model": "admin.logentry", "pk": 163, "fields": {"action_time": "2020-07-02T20:39:55.313Z", "user": 2, "content_type": 15, "object_id": "32", "object_repr": "pc desk", "action_flag": 3, "change_message": ""}}, {"model": "admin.logentry", "pk": 164, "fields": {"action_time": "2020-07-02T20:39:55.432Z", "user": 2, "content_type": 15, "object_id": "31", "object_repr": "Itel phone", "action_flag": 3, "change_message": ""}}, {"model": "admin.logentry", "pk": 165, "fields": {"action_time": "2020-07-02T20:39:55.566Z", "user": 2, "content_type": 15, "object_id": "23", "object_repr": "pc desk", "action_flag": 3, "change_message": ""}}, {"model": "admin.logentry", "pk": 166, "fields": {"action_time": "2020-07-02T20:40:09.379Z", "user": 2, "content_type": 16, "object_id": "26", "object_repr": "yanick", "action_flag": 3, "change_message": ""}}, {"model": "admin.logentry", "pk": 167, "fields": {"action_time": "2020-07-02T20:40:09.522Z", "user": 2, "content_type": 16, "object_id": "25", "object_repr": "yanick", "action_flag": 3, "change_message": ""}}, {"model": "admin.logentry", "pk": 168, "fields": {"action_time": "2020-07-02T20:40:09.678Z", "user": 2, "content_type": 16, "object_id": "20", "object_repr": "yanick", "action_flag": 3, "change_message": ""}}, {"model": "admin.logentry", "pk": 169, "fields": {"action_time": "2020-07-02T20:44:28.679Z", "user": 2, "content_type": 11, "object_id": "1", "object_repr": "daouda", "action_flag": 2, "change_message": "[{\"changed\": {\"fields\": [\"Status\"]}}]"}}, {"model": "admin.logentry", "pk": 170, "fields": {"action_time": "2020-07-02T20:47:18.267Z", "user": 2, "content_type": 10, "object_id": "1", "object_repr": "E-commerce  Web Site", "action_flag": 2, "change_message": "[{\"changed\": {\"fields\": [\"Titre\", \"Icon\"]}}]"}}, {"model": "admin.logentry", "pk": 171, "fields": {"action_time": "2020-07-03T11:03:12.911Z", "user": 2, "content_type": 16, "object_id": "27", "object_repr": "yanick", "action_flag": 2, "change_message": "[{\"changed\": {\"name\": \"commande produit\", \"object\": \"ordi c7\", \"fields\": [\"Status\"]}}, {\"changed\": {\"name\": \"commande produit\", \"object\": \"Itel phone\", \"fields\": [\"Status\"]}}, {\"changed\": {\"name\": \"commande produit\", \"object\": \"shoses child\", \"fields\": [\"Status\"]}}, {\"changed\": {\"name\": \"commande produit\", \"object\": \"pc desk\", \"fields\": [\"Status\"]}}, {\"changed\": {\"name\": \"commande produit\", \"object\": \"pc 78\", \"fields\": [\"Status\"]}}]"}}, {"model": "admin.logentry", "pk": 172, "fields": {"action_time": "2020-07-03T11:04:34.160Z", "user": 2, "content_type": 16, "object_id": "27", "object_repr": "yanick", "action_flag": 2, "change_message": "[{\"changed\": {\"fields\": [\"Status\", \"Adminnote\"]}}]"}}, {"model": "admin.logentry", "pk": 173, "fields": {"action_time": "2020-07-03T11:51:10.617Z", "user": 2, "content_type": 12, "object_id": "26", "object_repr": "super", "action_flag": 2, "change_message": "[{\"changed\": {\"fields\": [\"Status\"]}}]"}}, {"model": "admin.logentry", "pk": 174, "fields": {"action_time": "2020-07-03T12:05:41.559Z", "user": 2, "content_type": 16, "object_id": "28", "object_repr": "login", "action_flag": 2, "change_message": "[{\"changed\": {\"fields\": [\"Status\", \"Adminnote\"]}}, {\"changed\": {\"name\": \"commande produit\", \"object\": \"Itel phone\", \"fields\": [\"Status\"]}}, {\"changed\": {\"name\": \"commande produit\", \"object\": \"pc desk\", \"fields\": [\"Status\"]}}, {\"changed\": {\"name\": \"commande produit\", \"object\": \"shoses child\", \"fields\": [\"Status\"]}}]"}}, {"model": "admin.logentry", "pk": 175, "fields": {"action_time": "2020-07-03T16:14:06.052Z", "user": 1, "content_type": 10, "object_id": "1", "object_repr": "E-commerce", "action_flag": 2, "change_message": "[{\"changed\": {\"fields\": [\"Titre\"]}}]"}}, {"model": "admin.logentry", "pk": 176, "fields": {"action_time": "2020-07-03T16:17:20.155Z", "user": 1, "content_type": 10, "object_id": "1", "object_repr": "E-commerce|Accueil", "action_flag": 2, "change_message": "[{\"changed\": {\"fields\": [\"Titre\"]}}]"}}, {"model": "admin.logentry", "pk": 177, "fields": {"action_time": "2020-07-03T19:41:07.701Z", "user": 1, "content_type": 17, "object_id": "4", "object_repr": "O\u00f9 puis-je t\u00e9l\u00e9charger le fichier?", "action_flag": 1, "change_message": "[{\"added\": {}}]"}}, {"model": "admin.logentry", "pk": 178, "fields": {"action_time": "2020-07-03T19:43:33.263Z", "user": 1, "content_type": 17, "object_id": "5", "object_repr": "O\u00f9 puis-je trouver la cl\u00e9 de produit de office", "action_flag": 1, "change_message": "[{\"added\": {}}]"}}, {"model": "admin.logentry", "pk": 179, "fields": {"action_time": "2020-07-03T19:44:14.565Z", "user": 1, "content_type": 17, "object_id": "4", "object_repr": "O\u00f9 puis-je t\u00e9l\u00e9charger le fichier?", "action_flag": 2, "change_message": "[{\"changed\": {\"fields\": [\"Status\"]}}]"}}, {"model": "admin.logentry", "pk": 180, "fields": {"action_time": "2020-07-03T19:46:29.496Z", "user": 1, "content_type": 17, "object_id": "6", "object_repr": "Comment savoir si mon ordinateur peut ex\u00e9cuter une version 64 bits de Windows ?", "action_flag": 1, "change_message": "[{\"added\": {}}]"}}, {"model": "admin.logentry", "pk": 181, "fields": {"action_time": "2020-07-05T02:59:55.686Z", "user": 1, "content_type": 7, "object_id": "18", "object_repr": "Computers / apple", "action_flag": 1, "change_message": "[{\"added\": {}}]"}}, {"model": "admin.logentry", "pk": 182, "fields": {"action_time": "2020-07-05T03:01:58.102Z", "user": 1, "content_type": 7, "object_id": "19", "object_repr": "Computers / asus", "action_flag": 1, "change_message": "[{\"added\": {}}]"}}, {"model": "admin.logentry", "pk": 183, "fields": {"action_time": "2020-07-05T03:04:24.643Z", "user": 1, "content_type": 7, "object_id": "20", "object_repr": "Computers / MSI", "action_flag": 1, "change_message": "[{\"added\": {}}]"}}, {"model": "admin.logentry", "pk": 184, "fields": {"action_time": "2020-07-05T03:06:12.960Z", "user": 1, "content_type": 7, "object_id": "21", "object_repr": "Computers / acer", "action_flag": 1, "change_message": "[{\"added\": {}}]"}}, {"model": "admin.logentry", "pk": 185, "fields": {"action_time": "2020-07-05T03:08:26.484Z", "user": 1, "content_type": 7, "object_id": "22", "object_repr": "Computers / HP (Hewlett-Packard)", "action_flag": 1, "change_message": "[{\"added\": {}}]"}}, {"model": "admin.logentry", "pk": 186, "fields": {"action_time": "2020-07-05T03:10:25.925Z", "user": 1, "content_type": 7, "object_id": "23", "object_repr": "Computers / lonovo", "action_flag": 1, "change_message": "[{\"added\": {}}]"}}, {"model": "admin.logentry", "pk": 187, "fields": {"action_time": "2020-07-05T03:12:50.268Z", "user": 1, "content_type": 7, "object_id": "24", "object_repr": "Computers / dell", "action_flag": 1, "change_message": "[{\"added\": {}}]"}}, {"model": "admin.logentry", "pk": 188, "fields": {"action_time": "2020-07-05T03:13:22.222Z", "user": 1, "content_type": 7, "object_id": "12", "object_repr": "Computers / Laptop cumputers", "action_flag": 3, "change_message": ""}}, {"model": "admin.logentry", "pk": 189, "fields": {"action_time": "2020-07-05T03:13:22.730Z", "user": 1, "content_type": 7, "object_id": "13", "object_repr": "Computers / desktop", "action_flag": 3, "change_message": ""}}, {"model": "admin.logentry", "pk": 190, "fields": {"action_time": "2020-07-05T03:20:04.204Z", "user": 1, "content_type": 8, "object_id": "16", "object_repr": "Omen by HP 17-inch Gaming Laptop", "action_flag": 1, "change_message": "[{\"added\": {}}]"}}, {"model": "admin.logentry", "pk": 191, "fields": {"action_time": "2020-07-05T03:23:46.007Z", "user": 1, "content_type": 8, "object_id": "17", "object_repr": "EliteBook 820", "action_flag": 1, "change_message": "[{\"added\": {}}]"}}, {"model": "admin.logentry", "pk": 192, "fields": {"action_time": "2020-07-05T03:27:06.673Z", "user": 1, "content_type": 8, "object_id": "18", "object_repr": "HP Chromebook x360 12b-ca0005nf PC Ultraportable Convertible et Tactile 12", "action_flag": 1, "change_message": "[{\"added\": {}}]"}}, {"model": "admin.logentry", "pk": 193, "fields": {"action_time": "2020-07-05T03:31:43.647Z", "user": 1, "content_type": 8, "object_id": "19", "object_repr": "Ordinateur de Bureau HP Elite 8300 SFF", "action_flag": 1, "change_message": "[{\"added\": {}}]"}}, {"model": "admin.logentry", "pk": 194, "fields": {"action_time": "2020-07-05T03:35:47.856Z", "user": 1, "content_type": 8, "object_id": "20", "object_repr": "compatible avec HP", "action_flag": 1, "change_message": "[{\"added\": {}}]"}}, {"model": "admin.logentry", "pk": 195, "fields": {"action_time": "2020-07-05T03:40:16.393Z", "user": 1, "content_type": 8, "object_id": "21", "object_repr": "msi PC Portable Gamer Intel Core", "action_flag": 1, "change_message": "[{\"added\": {}}]"}}, {"model": "admin.logentry", "pk": 196, "fields": {"action_time": "2020-07-05T03:49:35.559Z", "user": 1, "content_type": 8, "object_id": "22", "object_repr": "Ordinateur", "action_flag": 1, "change_message": "[{\"added\": {}}]"}}, {"model": "admin.logentry", "pk": 197, "fields": {"action_time": "2020-07-05T03:52:04.779Z", "user": 1, "content_type": 8, "object_id": "23", "object_repr": "Acer Chromebook CB314-1H-C5F4", "action_flag": 1, "change_message": "[{\"added\": {}}]"}}, {"model": "admin.logentry", "pk": 198, "fields": {"action_time": "2020-07-05T04:23:16.303Z", "user": 1, "content_type": 8, "object_id": "24", "object_repr": "Acer Aspire", "action_flag": 1, "change_message": "[{\"added\": {}}]"}}, {"model": "admin.logentry", "pk": 199, "fields": {"action_time": "2020-07-05T04:23:40.497Z", "user": 1, "content_type": 8, "object_id": "17", "object_repr": "EliteBook 820", "action_flag": 2, "change_message": "[{\"changed\": {\"fields\": [\"Photo\"]}}]"}}, {"model": "admin.logentry", "pk": 200, "fields": {"action_time": "2020-07-05T04:26:12.428Z", "user": 1, "content_type": 8, "object_id": "25", "object_repr": "iPad Pro", "action_flag": 1, "change_message": "[{\"added\": {}}]"}}, {"model": "admin.logentry", "pk": 201, "fields": {"action_time": "2020-07-05T04:29:53.958Z", "user": 1, "content_type": 8, "object_id": "26", "object_repr": "Ordinateur Portable Apple", "action_flag": 1, "change_message": "[{\"added\": {}}]"}}, {"model": "admin.logentry", "pk": 202, "fields": {"action_time": "2020-07-05T04:34:52.610Z", "user": 1, "content_type": 8, "object_id": "27", "object_repr": "MacBook Pro", "action_flag": 1, "change_message": "[{\"added\": {}}]"}}, {"model": "admin.logentry", "pk": 203, "fields": {"action_time": "2020-07-05T04:38:16.552Z", "user": 1, "content_type": 8, "object_id": "28", "object_repr": "Moniteur de Jeu", "action_flag": 1, "change_message": "[{\"added\": {}}]"}}, {"model": "admin.logentry", "pk": 204, "fields": {"action_time": "2020-07-05T04:40:04.293Z", "user": 1, "content_type": 8, "object_id": "29", "object_repr": "Memory PC Intel", "action_flag": 1, "change_message": "[{\"added\": {}}]"}}, {"model": "admin.logentry", "pk": 205, "fields": {"action_time": "2020-07-05T04:40:51.569Z", "user": 1, "content_type": 8, "object_id": "29", "object_repr": "Memory PC Intel", "action_flag": 2, "change_message": "[{\"changed\": {\"fields\": [\"Photo\"]}}]"}}, {"model": "admin.logentry", "pk": 206, "fields": {"action_time": "2020-07-05T04:43:00.452Z", "user": 1, "content_type": 8, "object_id": "30", "object_repr": "Ecran de PC", "action_flag": 1, "change_message": "[{\"added\": {}}]"}}, {"model": "admin.logentry", "pk": 207, "fields": {"action_time": "2020-07-05T04:44:34.516Z", "user": 1, "content_type": 8, "object_id": "31", "object_repr": "Dell PC", "action_flag": 1, "change_message": "[{\"added\": {}}]"}}, {"model": "admin.logentry", "pk": 208, "fields": {"action_time": "2020-07-05T04:45:57.104Z", "user": 1, "content_type": 8, "object_id": "31", "object_repr": "Dell PC", "action_flag": 2, "change_message": "[{\"changed\": {\"fields\": [\"Photo\"]}}]"}}, {"model": "admin.logentry", "pk": 209, "fields": {"action_time": "2020-07-05T05:08:35.152Z", "user": 1, "content_type": 8, "object_id": "22", "object_repr": "Ordinateur", "action_flag": 2, "change_message": "[{\"changed\": {\"fields\": [\"Photo\"]}}]"}}, {"model": "admin.logentry", "pk": 210, "fields": {"action_time": "2020-07-05T05:10:15.448Z", "user": 1, "content_type": 12, "object_id": "27", "object_repr": "zo", "action_flag": 2, "change_message": "[{\"changed\": {\"fields\": [\"Status\"]}}]"}}, {"model": "admin.logentry", "pk": 211, "fields": {"action_time": "2020-07-05T05:10:39.935Z", "user": 1, "content_type": 12, "object_id": "27", "object_repr": "zo", "action_flag": 2, "change_message": "[]"}}, {"model": "admin.logentry", "pk": 212, "fields": {"action_time": "2020-07-05T05:11:48.133Z", "user": 1, "content_type": 12, "object_id": "28", "object_repr": "attirant", "action_flag": 2, "change_message": "[{\"changed\": {\"fields\": [\"Status\"]}}]"}}, {"model": "admin.logentry", "pk": 213, "fields": {"action_time": "2020-07-05T05:44:29.173Z", "user": 1, "content_type": 16, "object_id": "32", "object_repr": "amed", "action_flag": 3, "change_message": ""}}, {"model": "admin.logentry", "pk": 214, "fields": {"action_time": "2020-07-05T05:44:29.327Z", "user": 1, "content_type": 16, "object_id": "31", "object_repr": "amed", "action_flag": 3, "change_message": ""}}, {"model": "admin.logentry", "pk": 215, "fields": {"action_time": "2020-07-05T05:44:29.504Z", "user": 1, "content_type": 16, "object_id": "30", "object_repr": "amed", "action_flag": 3, "change_message": ""}}, {"model": "admin.logentry", "pk": 216, "fields": {"action_time": "2020-07-05T05:45:36.991Z", "user": 1, "content_type": 16, "object_id": "29", "object_repr": "amed", "action_flag": 2, "change_message": "[{\"changed\": {\"fields\": [\"Status\", \"Adminnote\"]}}, {\"changed\": {\"name\": \"commande produit\", \"object\": \"shoses child\", \"fields\": [\"Status\"]}}, {\"changed\": {\"name\": \"commande produit\", \"object\": \"Ordinateur\", \"fields\": [\"Status\"]}}, {\"changed\": {\"name\": \"commande produit\", \"object\": \"Acer Chromebook CB314-1H-C5F4\", \"fields\": [\"Status\"]}}, {\"changed\": {\"name\": \"commande produit\", \"object\": \"Ecran de PC\", \"fields\": [\"Status\"]}}, {\"changed\": {\"name\": \"commande produit\", \"object\": \"Dell PC\", \"fields\": [\"Status\"]}}, {\"changed\": {\"name\": \"commande produit\", \"object\": \"MacBook Pro\", \"fields\": [\"Status\"]}}]"}}, {"model": "admin.logentry", "pk": 217, "fields": {"action_time": "2020-07-05T05:50:13.078Z", "user": 1, "content_type": 8, "object_id": "24", "object_repr": "Acer Aspire", "action_flag": 2, "change_message": "[{\"changed\": {\"fields\": [\"Photo\"]}}]"}}, {"model": "admin.logentry", "pk": 218, "fields": {"action_time": "2020-07-05T06:00:46.490Z", "user": 1, "content_type": 8, "object_id": "18", "object_repr": "HP Chromebook x360 12b-ca0005nf PC Ultraportable Convertible et Tactile 12", "action_flag": 2, "change_message": "[{\"changed\": {\"fields\": [\"Photo\", \"Details\"]}}]"}}, {"model": "admin.logentry", "pk": 219, "fields": {"action_time": "2020-07-05T23:46:48.798Z", "user": 1, "content_type": 8, "object_id": "32", "object_repr": "Samsung Galaxy A10", "action_flag": 1, "change_message": "[{\"added\": {}}]"}}, {"model": "admin.logentry", "pk": 220, "fields": {"action_time": "2020-07-05T23:50:46.850Z", "user": 1, "content_type": 8, "object_id": "33", "object_repr": "SAMSUNG Galaxy A20e", "action_flag": 1, "change_message": "[{\"added\": {}}]"}}, {"model": "admin.logentry", "pk": 221, "fields": {"action_time": "2020-07-05T23:54:30.667Z", "user": 1, "content_type": 8, "object_id": "34", "object_repr": "Samsung S7", "action_flag": 1, "change_message": "[{\"added\": {}}]"}}, {"model": "admin.logentry", "pk": 222, "fields": {"action_time": "2020-07-05T23:57:24.641Z", "user": 1, "content_type": 8, "object_id": "35", "object_repr": "Ulefone Note 7", "action_flag": 1, "change_message": "[{\"added\": {}}]"}}, {"model": "admin.logentry", "pk": 223, "fields": {"action_time": "2020-07-05T23:59:48.898Z", "user": 1, "content_type": 8, "object_id": "36", "object_repr": "Smartphone, DOOGEE", "action_flag": 1, "change_message": "[{\"added\": {}}]"}}, {"model": "admin.logentry", "pk": 224, "fields": {"action_time": "2020-07-06T00:02:27.670Z", "user": 1, "content_type": 7, "object_id": "25", "object_repr": "Telephone / Iphone", "action_flag": 1, "change_message": "[{\"added\": {}}]"}}, {"model": "admin.logentry", "pk": 225, "fields": {"action_time": "2020-07-06T00:10:31.018Z", "user": 1, "content_type": 8, "object_id": "37", "object_repr": "Nouveau Apple iPhone SE (128 Go", "action_flag": 1, "change_message": "[{\"added\": {}}]"}}, {"model": "admin.logentry", "pk": 226, "fields": {"action_time": "2020-07-06T00:12:45.485Z", "user": 1, "content_type": 8, "object_id": "38", "object_repr": "Apple iPhone 11 64GB", "action_flag": 1, "change_message": "[{\"added\": {}}]"}}, {"model": "admin.logentry", "pk": 227, "fields": {"action_time": "2020-07-06T00:17:25.023Z", "user": 1, "content_type": 8, "object_id": "35", "object_repr": "Ulefone Note 7", "action_flag": 2, "change_message": "[{\"changed\": {\"fields\": [\"Photo\"]}}]"}}, {"model": "admin.logentry", "pk": 228, "fields": {"action_time": "2020-07-06T00:20:18.207Z", "user": 1, "content_type": 8, "object_id": "32", "object_repr": "Samsung Galaxy A10", "action_flag": 2, "change_message": "[{\"changed\": {\"fields\": [\"Photo\"]}}]"}}]